match_id,minute,scorer_first_name,scorer_last_name,assist_first_name,assist_last_name,goal_type
0x425efdbbf0f9b777,22,Lamine,Yamal,Pedro,Lopez,34
0x425efdbbf0f9b777,50,Lamine,Yamal,Alejandro,Balde,6
0x425efdbbf0f9b777,74,Lamine,Yamal,Alejandro,Balde,70
0x425efdbbf0f906fd,39,Raphael,Belloli,Lamine,Yamal,6
0x425efdbbf0f906fd,15,Lamine,Yamal,Alejandro,Balde,134
0x425efdbbf0f848ea,29,Erling,Haaland,,,2
0x425efdbbf0bac368,14,Mohamed,Salah,,,66
0x425efdbbf0ba4058,75,Lois,Openda,Erling,Haaland,6
0x425efdbbf0ba4058,17,Erling,Haaland,Mohamed,Salah,2
0x425efdbbf0ba4058,57,Erling,Haaland,Kyle,Walker,2
0x425efdbbf0b9b0e0,37,Erling,Haaland,Mohamed,Salah,130
0x425efdbbf0b9b0e0,50,Erling,Haaland,Andrew,Robertson,6
0x425efdbbf0b91438,72,Erling,Haaland,,,2
0x64339065969357fd,10,Cody,Gakpo,Trent,Alexander-Arnold,24578
0x64339065969357fd,42,Darwin,Núñez,Trent,Alexander-Arnold,6
0x643390659692bf47,54,Dominik,Szoboszlai,,,66
0x6433906596922d44,61,Cody,Gakpo,Trent,Alexander-Arnold,6
0x6433906596922d44,71,Ryan,Gravenberch,Andrew,Robertson,6
0x643390659691d198,45,Cody,Gakpo,Mohamed,Salah,2
0x643390659691d198,12,Darwin,Núñez,Dominik,Szoboszlai,2
0x64339065965ff28f,76,Mohamed,Salah,Darwin,Núñez,16419
0x64339065965ff28f,33,Darwin,Núñez,Dominik,Szoboszlai,2
0x64339065965eb654,38,Trent,Alexander-Arnold,,,11
0x64339065965eb654,90,Diogo,Jota,Mohamed,Salah,2
0x64339065965eb654,9,Mohamed,Salah,Cody,Gakpo,6
0x64339065965eb654,68,Darwin,Núñez,Mohamed,Salah,130
0x6433906595fcfc2f,37,Erling,Haaland,,,2
0x6433906595b67f3a,8,Jules,Koundé,Erling,Haaland,2
0x6433906595b67f3a,87,Mohamed,Salah,,,16387
0x6433906595b67f3a,37,Erling,Haaland,Federico,Valverde,2
0x6433906595675709,14,John,Stones,Andrew,Robertson,6
0x6433906595675709,45,Erling,Haaland,Mohamed,Salah,2
0x643390659566af81,20,Dominik,Szoboszlai,Mohamed,Salah,2
0x643390659566af81,30,Federico,Valverde,Dominik,Szoboszlai,2
0x643390659566af81,67,Erling,Haaland,Andrew,Robertson,6
0x643390659566af81,86,Erling,Haaland,Dominik,Szoboszlai,2
0x6433906595669930,5,Erling,Haaland,Vinícius,Júnior,6
0x643390659565f76e,54,Vinícius,Júnior,Erling,Haaland,2
0x643390659565f76e,90,Vinícius,Júnior,Mohamed,Salah,514
0x643390659565f76e,6,Erling,Haaland,Dominik,Szoboszlai,16898
0x643390659565f76e,32,Erling,Haaland,Mohamed,Salah,16898
0x6433906595652aad,7,Robert,Lewandowski,Pedro,Lopez,2
0x643390659563c18d,77,Dani,Olmo,Alejandro,Balde,2
0x643390659563c18d,23,Pedro,Lopez,Frenkie,de Jong,66
0x643390659563c18d,8,Robert,Lewandowski,Frenkie,de Jong,2
0x6433906595632cda,45,Raphael,Belloli,Robert,Lewandowski,2
0x6433906595632cda,63,Dani,Olmo,Robert,Lewandowski,16387
0x64339065950fe116,53,Robert,Lewandowski,,,2
0x6433906594f0b270,30,Pedro,Lopez,Frenkie,de Jong,2
0x6433906594f0b270,35,Lamine,Yamal,Dani,Olmo,6
0x6433906594e2f9a1,35,Frenkie,de Jong,Lamine,Yamal,6
0x6433906594e2f9a1,77,Lamine,Yamal,Raphael,Belloli,2
0x6433906594e2f9a1,21,Robert,Lewandowski,Dani,Olmo,2
0x6433906594e22295,45,Dani,Olmo,Jules,Koundé,8706
0x643390659460a4a6,19,Robert,Lewandowski,,,4098
0x643390659460a4a6,74,Robert,Lewandowski,Raphael,Belloli,514
0x6433906593d60507,74,Erling,Haaland,Jonathan,David,3
0x6433906593d60507,56,Jonathan,David,Federico,Valverde,16387
0x6433906593d44de6,54,Lois,Openda,Erling,Haaland,6
0x6433906593d44de6,26,Victor,Osimhen,Federico,Valverde,514
0x6433906593d44de6,19,Cristiano,Ronaldo,Federico,Valverde,16707
0x64339065934cdec9,8,Erling,Haaland,Kyle,Walker,546
0x64339065934c3fb0,44,Vinícius,Júnior,Erling,Haaland,16387
0x64339065934b9c0d,35,Erling,Haaland,Kyle,Walker,38
0x64339065934b9c0d,3,Cristiano,Ronaldo,Erling,Haaland,16387
0x64339065930c6cd2,54,Erling,Haaland,Federico,Valverde,16387
0x6433906592fe8155,45,Lois,Openda,Erling,Haaland,2
0x6433906592fd19d3,4,Federico,Valverde,Andrew,Robertson,6
0x6433906592fd19d3,40,Lois,Openda,Andrew,Robertson,38
0x6433906592fd19d3,77,Lois,Openda,Federico,Valverde,258
0x6433906591ed1aeb,33,Lois,Openda,Federico,Valverde,2
0x6433906591ed1aeb,9,Achraf,Hakimi,,,2048
0x6433906591ebfd00,88,Victor,Osimhen,Lois,Openda,16451
0x6433906591ebfd00,90,Lois,Openda,,,2
0x643390659197ac4a,45,Jules,Koundé,Andrew,Robertson,514
0x64339065915b557c,29,Victor,Osimhen,Federico,Valverde,16515
0x64339065915b557c,39,Victor,Osimhen,Andrew,Robertson,3
0x64339065915b557c,77,Victor,Osimhen,Cristiano,Ronaldo,130
0x64339065915a670e,73,Jules,Koundé,Andrew,Robertson,6
0x6433906591596c37,66,Victor,Osimhen,Vinícius,Júnior,514
0x6433906591596c37,26,Cristiano,Ronaldo,Federico,Valverde,16451
0x6433906591596c37,83,Cristiano,Ronaldo,Victor,Osimhen,16387
0x64339065913e5475,8,Victor,Osimhen,Federico,Valverde,16387
0x64339065913dd160,28,Mohamed,Salah,Victor,Osimhen,2
0x64339065913dd160,56,Mohamed,Salah,Vinícius,Júnior,16387
0x6433906590d61d0e,6,Victor,Osimhen,Vinícius,Júnior,34
0x6433906590d61d0e,32,Cristiano,Ronaldo,Vinícius,Júnior,6
0xc0ca745ab07fb77,10,Vinícius,Júnior,Andrew,Robertson,258
0xc0ca745ab07fb77,90,Jonathan,David,Lois,Openda,2
0xc0ca745ab07fb77,75,Lois,Openda,Jonathan,David,2
0xc0ca745ab07fb77,44,Cristiano,Ronaldo,Andrew,Robertson,2
0xc0ca745aa383312,60,Victor,Osimhen,Federico,Valverde,2
0xc0ca745a9b718b7,80,Dominik,Szoboszlai,Alexandre,Lacazette,2
0xc0ca745a9b718b7,89,Jonathan,David,Alexandre,Lacazette,2
0xc0ca745a9b718b7,90,Lois,Openda,Dominik,Szoboszlai,6
0xc0ca745a9b718b7,35,Federico,Valverde,Vinícius,Júnior,642
0xc0ca745a9afd049,12,Vinícius,Júnior,Andrew,Robertson,67
0xc0ca745a9afd049,59,Cristiano,Ronaldo,,,1027
0xc0ca745a97df444,79,Jonathan,David,Kyle,Walker,6
0xc0ca745a97df444,97,Jonathan,David,Dominik,Szoboszlai,3
0xc0ca745a97df444,68,Cristiano,Ronaldo,Federico,Valverde,2
0xc0ca745a97df444,5,Vinícius,Júnior,,,67
0xc0ca745a97d1464,114,Alexandre,Lacazette,Dominik,Szoboszlai,2
0xc0ca745a97d1464,90,Mohamed,Salah,Victor,Osimhen,2
0xc0ca745a97d1464,35,Cristiano,Ronaldo,Mohamed,Salah,3
0xc0ca745a97c8035,20,Victor,Osimhen,,,5122
0xc0ca745a97c8035,56,Cristiano,Ronaldo,,,2
0xc0ca745a97c3504,18,Vinícius,Júnior,Federico,Valverde,6
0xc0ca745a97c3504,38,Victor,Osimhen,Federico,Valverde,323
0xc0ca745a970b0a6,60,Rúben,Dias,Andrew,Robertson,6
0xc0ca745a970b0a6,85,Lois,Openda,Jonathan,David,2
0xc0ca745a970b0a6,49,Victor,Osimhen,Cristiano,Ronaldo,3
0xc0ca745a96fcb85,75,Lois,Openda,Dominik,Szoboszlai,2
0xc0ca745a96fcb85,112,Lois,Openda,Kyle,Walker,134
0xc0ca745a96fcb85,67,Victor,Osimhen,Kyle,Walker,6
0xc0ca745a96f3e46,37,Federico,Valverde,Andrew,Robertson,70
0xc0ca745a96f3e46,33,Victor,Osimhen,Vinícius,Júnior,2
0xc0ca745a96f3e46,6,Cristiano,Ronaldo,Mohamed,Salah,386
0xc0ca745a96e5075,120,Kyle,Walker,Lois,Openda,2
0xc0ca745a96e5075,89,Cristiano,Ronaldo,Victor,Osimhen,130
0xc0ca745a92ae4c8,34,Victor,Osimhen,Vinícius,Júnior,2
0xc0ca745a92ae4c8,84,Cristiano,Ronaldo,Andrew,Robertson,6
0xc0ca745a90236f9,105,Lois,Openda,Diogo,Jota,2
0xc0ca745a90236f9,105,Lois,Openda,Diogo,Jota,2
0xc0ca745a90236f9,31,Mohamed,Salah,Victor,Osimhen,2
0xc0ca745a90236f9,45,Victor,Osimhen,Federico,Valverde,2
0xc0ca745a901bf35,9,Jules,Koundé,Andrew,Robertson,514
0xc0ca745a901bf35,34,Cristiano,Ronaldo,,,2
0xc0ca745a90144a4,49,Victor,Osimhen,Cristiano,Ronaldo,2
0xc0ca745a90144a4,36,Cristiano,Ronaldo,Mohamed,Salah,6
0xc0ca745a83917f3,90,Vinícius,Júnior,Kyle,Walker,66
0xc0ca745a83917f3,24,Victor,Osimhen,Cristiano,Ronaldo,2
0xc0ca745a83917f3,77,Victor,Osimhen,Andrew,Robertson,135
0xc0ca745a83917f3,57,Cristiano,Ronaldo,Jules,Koundé,3
0xc0ca745a8389477,83,Victor,Osimhen,Kyle,Walker,6
0xc0ca745a8389477,53,Cristiano,Ronaldo,Victor,Osimhen,2
0xc0ca745a838106c,22,Mohamed,Salah,,,2
0xc0ca745a838106c,11,Victor,Osimhen,Cristiano,Ronaldo,3
0xc0ca745a838106c,33,Cristiano,Ronaldo,Andrew,Robertson,34
0xc0ca745a838106c,41,Cristiano,Ronaldo,Vinícius,Júnior,6
0xc0ca745a83793de,5,Andrew,Robertson,Victor,Osimhen,2
0xc0ca745a83793de,72,Cristiano,Ronaldo,Victor,Osimhen,2
0xc0ca745a829c480,16,Victor,Osimhen,Cristiano,Ronaldo,387
0xc0ca745a82974c7,7,John,Stones,Andrew,Robertson,6
0xc0ca745a82974c7,37,Victor,Osimhen,Vinícius,Júnior,2
0xc0ca745a7f61a37,100,Alexandre,Lacazette,Dominik,Szoboszlai,2
0xc0ca745a7f61a37,94,Jonathan,David,,,3
0xc0ca745a7f61a37,115,Jonathan,David,Alexandre,Lacazette,3
0xc0ca745a7f61a37,52,Cristiano,Ronaldo,Victor,Osimhen,3
0xc0ca745a7f61a37,28,Victor,Osimhen,Cristiano,Ronaldo,2
0xc0ca745a7f54c15,7,Mohamed,Salah,,,11
0xc0ca745a7f54c15,88,Victor,Osimhen,Andrew,Robertson,134
0xc0ca745a7f54c15,48,Cristiano,Ronaldo,Victor,Osimhen,3
0xc0ca745a7b7b5cc,23,Victor,Osimhen,Rúben,Dias,2
0xc0ca745a7b7b5cc,55,Cristiano,Ronaldo,Andrew,Robertson,6
0xc0ca745a7b70daf,21,Bruno,Fernandes,Victor,Osimhen,67
0xc0ca745a7b70daf,38,Mohamed,Salah,Victor,Osimhen,387
0xc0ca745a7b70daf,3,Cristiano,Ronaldo,Victor,Osimhen,130
0xc0ca745a7b693f0,80,Lois,Openda,Jules,Koundé,2
0xc0ca745a7b693f0,53,Cristiano,Ronaldo,Vinícius,Júnior,2
0xc0ca745a769d0cd,58,John,Stones,Andrew,Robertson,6
0xc0ca745a769d0cd,33,Victor,Osimhen,Rúben,Dias,38
0xc0ca745a769d0cd,67,Victor,Osimhen,,,18
0xc0ca745a769d0cd,13,Jonathan,David,Victor,Osimhen,2
0xc0ca745a7694479,90,Jules,Koundé,Andrew,Robertson,6
0xc0ca745a7694479,37,Mohamed,Salah,,,66
0xc0ca745a7694479,4,Victor,Osimhen,Federico,Valverde,386
0xc0ca745a7694479,14,Victor,Osimhen,,,1027
0xc0ca745a7694479,64,Victor,Osimhen,,,2
0xc0ca745a7694479,80,Jonathan,David,Rúben,Dias,2
0xc0ca745a7694479,89,Marc,Cucurella,,,2048
0xc0ca745a695657a,63,Cristiano,Ronaldo,,,18
0xc0ca745a695657a,90,Victor,Osimhen,Lois,Openda,2
0xc0ca745a695657a,3,Jonathan,David,Cristiano,Ronaldo,3
0xc0ca745a695657a,40,Jonathan,David,Federico,Valverde,4098
0xc0ca745a6949d02,90,Virgil,van Dijk,Andrew,Robertson,134
0xc0ca745a693d813,4,Jonathan,David,Jules,Koundé,2
0xc0ca745a693d813,51,Jonathan,David,Cristiano,Ronaldo,4098
0xc0ca745a64dd7c8,80,Kyle,Walker,Mohamed,Salah,2
0xc0ca745a64d2157,18,Kyle,Walker,Jules,Koundé,1090
0xc0ca745a64d2157,90,Cristiano,Ronaldo,Andrew,Robertson,3
0xc0ca745a64d2157,3,Jonathan,David,Cristiano,Ronaldo,3
0xc0ca745a5c63a0c,85,Jonathan,David,Federico,Valverde,3
0xc0ca745a57b7dfa,30,Cristiano,Ronaldo,Vinícius,Júnior,258
0xc0ca745a57b7dfa,20,Jonathan,David,Federico,Valverde,3
0xc0ca745a57b7dfa,87,Jonathan,David,Vinícius,Júnior,130
0xc0ca745a568c821,81,Virgil,van Dijk,Andrew,Robertson,514
0xc0ca745a568c821,70,Victor,Osimhen,,,2
0xc0ca745a4f7186a,76,Alexandre,Lacazette,Cristiano,Ronaldo,2
0xc0ca745a4f7186a,115,Victor,Osimhen,Dominik,Szoboszlai,34
0xc0ca745a4f7186a,42,Jonathan,David,Cristiano,Ronaldo,3
0xc0ca745a4ed380e,34,Virgil,van Dijk,Andrew,Robertson,6
0xc0ca745a4ed380e,18,Jonathan,David,,,3
0xc0ca745a4ed380e,39,Jonathan,David,Cristiano,Ronaldo,131
0xc0ca745a4c323fa,72,Dominik,Szoboszlai,Andrew,Robertson,1026
0xc0ca745a4c323fa,33,Jonathan,David,Jules,Koundé,67
0xc0ca745a473faf9,76,Kyle,Walker,Andrew,Robertson,6
0xc0ca745a473faf9,30,Jonathan,David,Cristiano,Ronaldo,2
0xc0ca745a46995b0,83,Virgil,van Dijk,Andrew,Robertson,6
0xc0ca745a46995b0,90,Virgil,van Dijk,Andrew,Robertson,6
0xc0ca745a46995b0,72,Jonathan,David,Andrew,Robertson,38
0xc0ca745a45ab8d1,58,Vinícius,Júnior,Cristiano,Ronaldo,2
0xc0ca745a425164a,4,Dominik,Szoboszlai,Mohamed,Salah,262
0xc0ca745a425164a,26,Jonathan,David,Antoine,Griezmann,67
0xc0ca745a425164a,78,Jonathan,David,Mohamed,Salah,3
0xc0ca745a3fa8fb1,50,Virgil,van Dijk,Mohamed,Salah,6
0xc0ca745a3fa8fb1,41,Cristiano,Ronaldo,Antoine,Griezmann,2
0xc0ca745a3fa8fb1,65,Cristiano,Ronaldo,Andrew,Robertson,6
0xc0ca745a3c9123c,35,Mohamed,Salah,,,146
0xc0ca745a3c9123c,49,Jonathan,David,,,2
0xc0ca745a3b26063,38,Rúben,Dias,Mohamed,Salah,6
0xc0ca745a3b1eedc,75,Rúben,Dias,Mohamed,Salah,6
0xc0ca745a3b18079,90,Mohamed,Salah,Cristiano,Ronaldo,3
0xc0ca745a3b18079,64,Cristiano,Ronaldo,,,2
0xc0ca745a3b14d62,45,Antoine,Griezmann,Jonathan,David,3
0xc0ca745a3b14d62,26,Mohamed,Salah,Jonathan,David,3
0xc0ca745a37cbb6c,44,Mohamed,Salah,Jonathan,David,1027
0xc0ca745a37cbb6c,28,Cristiano,Ronaldo,Jonathan,David,2
0xc0ca745a37cbb6c,33,Jonathan,David,Cristiano,Ronaldo,131
0xc0ca745a37bfc9f,44,Mohamed,Salah,Kyle,Walker,3
0xc0ca745a37bfc9f,6,Cristiano,Ronaldo,Jonathan,David,2
0xc0ca745a37bfc9f,37,Cristiano,Ronaldo,,,2
0xc0ca745a37bfc9f,63,Cristiano,Ronaldo,Antoine,Griezmann,3
0xc0ca745a37bfc9f,72,Cristiano,Ronaldo,Antoine,Griezmann,2
0xc0ca745a37bfc9f,14,Jonathan,David,Antoine,Griezmann,2
0xc0ca745a37bfc9f,18,Jonathan,David,Mohamed,Salah,2
0xc0ca745a37bfc9f,79,Jonathan,David,,,2
0xc0ca745a37b37ab,18,Cristiano,Ronaldo,Dominik,Szoboszlai,3
0xc0ca745a37b37ab,59,Cristiano,Ronaldo,Jonathan,David,34
0xc0ca745a37a8ae0,43,Antoine,Griezmann,Dominik,Szoboszlai,2
0xc0ca745a3612a13,27,Antoine,Griezmann,,,4098
0xc0ca745a3612a13,59,Jonathan,David,Antoine,Griezmann,2
0xc0ca745a3612a13,71,Jonathan,David,,,2
0xc0ca745a360dc24,28,Vinícius,Júnior,Antoine,Griezmann,2
0xc0ca745a360dc24,15,Cristiano,Ronaldo,Antoine,Griezmann,130
0xc0ca745a360dc24,45,Cristiano,Ronaldo,,,4098
0xc0ca745a31ff306,9,Antoine,Griezmann,Jonathan,David,3
0xc0ca745a31ff306,28,Antoine,Griezmann,Jonathan,David,3
0xc0ca745a31ff306,49,Victor,Osimhen,Antoine,Griezmann,2
0xc0ca745a31ff306,37,Jonathan,David,Victor,Osimhen,3
0xc0ca745a31f20e3,20,Mohamed,Salah,Antoine,Griezmann,2
0xc0ca745a31f20e3,76,Victor,Osimhen,Jonathan,David,134
0xc0ca745a31f20e3,51,Jonathan,David,Victor,Osimhen,131
0xc0ca745a31e51da,16,Antoine,Griezmann,Cristiano,Ronaldo,3
0xc0ca745a31e51da,38,Cristiano,Ronaldo,Vinícius,Júnior,322
0xc0ca745a301e76b,16,Jonathan,David,Mohamed,Salah,67
0xc0ca745a301e76b,78,Jonathan,David,Antoine,Griezmann,6
0xc0ca745a300f20a,88,Antoine,Griezmann,Jonathan,David,3
0xc0ca745a300f20a,82,Cristiano,Ronaldo,,,2
0xc0ca745a300f20a,12,Jonathan,David,Cristiano,Ronaldo,2
0xc0ca745a300f20a,19,Jonathan,David,Andrew,Robertson,3
0xc0ca745a2ff6014,40,Cristiano,Ronaldo,Federico,Valverde,131
0xc0ca745a2ff6014,30,Jonathan,David,Kyle,Walker,2
0xc0ca745a2ff6014,45,Jonathan,David,Cristiano,Ronaldo,2
0xc0ca745a2e16d5f,41,Vinícius,Júnior,Andrew,Robertson,34
0xc0ca745a2e16d5f,83,Vinícius,Júnior,Mohamed,Salah,3
0xc0ca745a2e16d5f,25,Cristiano,Ronaldo,Jonathan,David,2
0xc0ca745a2e16d5f,45,Cristiano,Ronaldo,Jules,Koundé,3
0xc0ca745a223a111,45,André-Frank,Zambo Anguissa,Khvicha,Kvaratskhelia,6
0xc0ca745a223a111,10,Khvicha,Kvaratskhelia,Mário,Rui,1026
0xc0ca745a223a111,49,Victor,Osimhen,,,2
0xc0ca745a223a111,66,Victor,Osimhen,Giovanni,Di Lorenzo,2
0xc0ca745a21b13d0,23,Cristiano,Ronaldo,Jonathan,David,6
0xc0ca745a15a6e4e,52,Gleison,Bremer,,,2
0xc0ca745a15a6e4e,39,Dušan,Vlahović,,,2
0xc0ca745a1599499,30,Federico,Chiesa,Dušan,Vlahović,2
0xc0ca745a1599499,8,Dušan,Vlahović,Federico,Chiesa,2
0xc0ca745a1578311,78,Moise,Kean,Dušan,Vlahović,6
0xc0ca745a1578311,55,Dušan,Vlahović,Moise,Kean,67
0xc0ca745a1571624,19,Cristiano,Ronaldo,Virgil,van Dijk,3
0xc0ca745a1047846,28,Jules,Koundé,Andrew,Robertson,262
0xc0ca745a103e94b,83,Lois,Openda,Kyle,Walker,2
0xc0ca745a103e94b,52,Jonathan,David,Federico,Valverde,3
0xc0ca745a0dab12b,55,Cristiano,Ronaldo,Kyle,Walker,6
0xc0ca745a0dab12b,34,Antoine,Griezmann,Federico,Valverde,3
0xc0ca745a0b91f8f,22,Federico,Valverde,,,2
0xc0ca745a0b91f8f,38,Federico,Valverde,,,2
0xc0ca745a0b91f8f,82,Antoine,Griezmann,Federico,Valverde,2
0xc0ca745a0b854ae,69,Federico,Valverde,,,67
0xc0ca745a0b854ae,52,Jonathan,David,Kyle,Walker,514
0xc0ca745a0b854ae,90,Jonathan,David,Mohamed,Salah,3
0xc0ca745a0b7af98,59,Cristiano,Ronaldo,Mohamed,Salah,6
0xc0ca745a0b7af98,17,Jonathan,David,Federico,Valverde,3
0xc0ca745a0b7af98,45,Jonathan,David,Vinícius,Júnior,6
0xc0ca745a0b71621,56,Jules,Koundé,,,2
0xc0ca745a0b71621,85,Cristiano,Ronaldo,Virgil,van Dijk,3
0xc0ca745a031988d,72,Rúben,Dias,Andrew,Robertson,6
0xc0ca745a031988d,63,Cristiano,Ronaldo,Jonathan,David,514
0xc0ca745a030f8fa,90,Cristiano,Ronaldo,Jules,Koundé,34
0xc0ca745a030f8fa,20,Jonathan,David,Vinícius,Júnior,38
0xc0ca745a030f8fa,29,Jonathan,David,Cristiano,Ronaldo,2
0xc0ca745a011f846,9,Cristiano,Ronaldo,Jules,Koundé,3
0xc0ca745a011f846,74,Cristiano,Ronaldo,Federico,Valverde,67
0xc0ca745a011f846,16,Jonathan,David,Cristiano,Ronaldo,3
0xc0ca745a011f846,36,Jonathan,David,Cristiano,Ronaldo,67
0xc0ca745a008f589,37,Virgil,van Dijk,Andrew,Robertson,6
0xb5f26e1600323bc,28,Mohamed,Salah,Federico,Valverde,3
0xb5f26e1600323bc,15,Jonathan,David,,,2
0xb5f26e16002d6ed,9,Virgil,van Dijk,Andrew,Robertson,6
0xb5f26e16002d6ed,38,Vinícius,Júnior,,,2
0xb5f26e16002d6ed,45,Cristiano,Ronaldo,Federico,Valverde,6
0xb5f26e16002d6ed,20,Jonathan,David,Federico,Valverde,67
0xb5f26e16002367a,24,Mohamed,Salah,Cristiano,Ronaldo,2
0xb5f26e16002367a,40,Cristiano,Ronaldo,Andrew,Robertson,262
0xb5f26e16002367a,3,Jonathan,David,Cristiano,Ronaldo,2
0xe59c1b8f04a9a7d6,39,Cristiano,Ronaldo,Jules,Koundé,2
0xe59c1b8f04a9a7d6,63,Cristiano,Ronaldo,Vinícius,Júnior,2
0xe59c1b8f04a9a7d6,90,Lois,Openda,Cristiano,Ronaldo,1027
0xe59c1b8f04a90a9b,12,Federico,Valverde,,,2
0xe59c1b8f04a90a9b,33,Jonathan,David,Victor,Osimhen,2
0xe59c1b8f04a8530c,79,Jonathan,David,Federico,Valverde,2
0xe59c1b8f04a8530c,28,Victor,Osimhen,Antoine,Griezmann,2
0xe59c1b8f04a8530c,3,Cristiano,Ronaldo,Antoine,Griezmann,2
0xe59c1b8f04a8530c,37,Cristiano,Ronaldo,Andrew,Robertson,6
0xe59c1b8f04a7cc69,88,Dominik,Szoboszlai,Andrew,Robertson,2
0xe59c1b8f04a6c405,70,Mohamed,Salah,Cristiano,Ronaldo,2
0xe59c1b8f04a6c405,33,Jonathan,David,Vinícius,Júnior,2
0xe59c1b8f047b0091,11,Jonathan,David,Cristiano,Ronaldo,2
0xe59c1b8f047b0091,21,Jonathan,David,Federico,Valverde,514
0xe59c1b8f045a9a73,33,Cristiano,Ronaldo,,,2
0xe59c1b8f045a9a73,71,Cristiano,Ronaldo,Vinícius,Júnior,2
0xe59c1b8f045a9a73,19,Jonathan,David,,,66
0xe59c1b8f0459c53e,7,Jonathan,David,Cristiano,Ronaldo,2
0xe59c1b8f0459c53e,48,Jonathan,David,Cristiano,Ronaldo,3
0xe59c1b8f0459c53e,61,Jonathan,David,Cristiano,Ronaldo,3
0xe59c1b8f0458f0f5,81,Vinícius,Júnior,Mohamed,Salah,3
0xe59c1b8f0458f0f5,45,Cristiano,Ronaldo,Jonathan,David,2
0xe59c1b8f04582310,10,Cristiano,Ronaldo,Jonathan,David,3
0xe59c1b8f04582310,59,Cristiano,Ronaldo,Jonathan,David,2
0xe59c1b8f04582310,4,Jonathan,David,Cristiano,Ronaldo,3
0xe59c1b8f04582310,45,Jonathan,David,Federico,Valverde,259
0xe59c1b8f04582310,51,Jonathan,David,Kyle,Walker,2
0xe59c1b8f04582310,20,Achraf,Hakimi,,,2048
0xe59c1b8f04184457,23,Cristiano,Ronaldo,Vinícius,Júnior,2
0xe59c1b8f04184457,53,Jonathan,David,Federico,Valverde,3
0xe59c1b8f041781d7,80,Jonathan,David,Victor,Osimhen,3
0xe59c1b8f0416f5bd,12,Lois,Openda,Kyle,Walker,34
0xe59c1b8f0416f5bd,19,Jules,Koundé,Andrew,Robertson,70
0xe59c1b8f03ebf0cf,45,Cole,Palmer,Raheem,Sterling,6
0xe59c1b8f03ebf0cf,41,Nicolas,Jackson,,,2
0xe59c1b8f03ebf0cf,54,Nicolas,Jackson,Raheem,Sterling,2
0xe59c1b8f03ea8f29,90,Virgil,van Dijk,Andrew,Robertson,6
0xe59c1b8f03ea8f29,38,Mohamed,Salah,,,2
0xe59c1b8f03e9804f,26,Mohamed,Salah,Vinícius,Júnior,6
0xe59c1b8f03d4f63b,44,Cristiano,Ronaldo,,,2
0xe59c1b8f03d47324,11,Vinícius,Júnior,Jonathan,David,2
0xe59c1b8f03d47324,31,Mohamed,Salah,,,11
0xe59c1b8f03c01e1c,18,Mohamed,Salah,Cristiano,Ronaldo,2
0xe59c1b8f03c01e1c,56,Vinícius,Júnior,Federico,Valverde,2
0xe59c1b8f03c00505,17,Mohamed,Salah,Cristiano,Ronaldo,1026
0xe59c1b8f03b87ca2,53,Virgil,van Dijk,Andrew,Robertson,70
0xe59c1b8f03b87ca2,23,Cristiano,Ronaldo,Mohamed,Salah,66
0xe59c1b8f039dbc57,85,Virgil,van Dijk,Andrew,Robertson,6
0xe59c1b8f039dbc57,51,Vinícius,Júnior,Kyle,Walker,2
0xe59c1b8f039dbc57,38,Cristiano,Ronaldo,Mohamed,Salah,3
0xe59c1b8f039d6425,55,Rúben,Dias,Andrew,Robertson,6
0xe59c1b8f039d6425,67,Jules,Koundé,,,3
0xe59c1b8f039d6425,45,Cristiano,Ronaldo,Andrew,Robertson,6
0xe59c1b8f039d6425,83,Cristiano,Ronaldo,Vinícius,Júnior,34
0xe59c1b8f03912ac2,50,Jonathan,David,,,3
0xe59c1b8f037ee60c,11,Dominik,Szoboszlai,Andrew,Robertson,6
0xe59c1b8f036bcb57,72,Federico,Valverde,Andrew,Robertson,6
0xe59c1b8f033bafd5,73,Victor,Osimhen,Andrew,Robertson,6
0xe59c1b8f033bafd5,54,Cristiano,Ronaldo,Vinícius,Júnior,2
0xe59c1b8f033bafd5,67,Cristiano,Ronaldo,Andrew,Robertson,6
0xe59c1b8f033bafd5,34,Vinícius,Júnior,Dominik,Szoboszlai,2
0xe59c1b8f0334e05c,45,Cristiano,Ronaldo,Vinícius,Júnior,66
0xe59c1b8f0334e05c,49,Cristiano,Ronaldo,Dominik,Szoboszlai,6
0xe59c1b8f03258691,22,Cristiano,Ronaldo,Kyle,Walker,66
0xe59c1b8f03258691,15,Vinícius,Júnior,Dominik,Szoboszlai,323
0xe59c1b8f03258691,61,Vinícius,Júnior,Mohamed,Salah,2
0xe59c1b8f030ec35e,29,Cristiano,Ronaldo,,,18
0xe59c1b8f030ec35e,66,Cristiano,Ronaldo,Federico,Valverde,2
0xe59c1b8f030ec35e,61,Mohamed,Salah,Cristiano,Ronaldo,3
0xe59c1b8f02f93f9d,76,Virgil,van Dijk,Andrew,Robertson,6
0xe59c1b8f02f93f9d,34,Lois,Openda,Antoine,Griezmann,2
0xe59c1b8f02f8a871,86,Virgil,van Dijk,Andrew,Robertson,6
0xe59c1b8f02f8a871,71,Alexandre,Lacazette,Jonathan,David,2
0xe59c1b8f02f8a871,37,Cristiano,Ronaldo,Vinícius,Júnior,2
0xe59c1b8f02f81a27,45,Federico,Valverde,Mohamed,Salah,2
0xe59c1b8f02f81a27,17,Cristiano,Ronaldo,Federico,Valverde,2
0xe59c1b8f02f286af,41,Cristiano,Ronaldo,,,130
0xe59c1b8f02ccf904,88,Rúben,Dias,Andrew,Robertson,6
0xe59c1b8f02cc8eba,4,Dominik,Szoboszlai,Andrew,Robertson,2
0xe59c1b8f02cc8eba,69,Mohamed,Salah,Cristiano,Ronaldo,2
0xe59c1b8f02a631f7,59,Mohamed,Salah,Federico,Valverde,3
0xe59c1b8f02a51103,23,Cristiano,Ronaldo,Dominik,Szoboszlai,6
0xe59c1b8f02a51103,86,Cristiano,Ronaldo,Federico,Valverde,3
0xe59c1b8f02a51103,55,Mohamed,Salah,Cristiano,Ronaldo,3
0xe59c1b8f02a44a0b,67,Virgil,van Dijk,Andrew,Robertson,6
0xe59c1b8f02a44a0b,15,Cristiano,Ronaldo,Dominik,Szoboszlai,130
0xe59c1b8f02a44a0b,72,Lois,Openda,Vinícius,Júnior,2
0xe59c1b8f029796c6,81,Cristiano,Ronaldo,Andrew,Robertson,386
0xe59c1b8f0283cffa,41,Jonathan,David,,,2
0xe59c1b8f0283cffa,13,Vinícius,Júnior,Jonathan,David,6
0xe59c1b8f0283cffa,21,Cristiano,Ronaldo,Kyle,Walker,2
0xe59c1b8f02835b1f,51,Jonathan,David,Andrew,Robertson,2
0xe59c1b8f0282d921,62,Jonathan,David,Rúben,Dias,3
0xe59c1b8f0282d921,25,Dominik,Szoboszlai,Andrew,Robertson,6
0xe59c1b8f0282d921,8,Mohamed,Salah,Dominik,Szoboszlai,3
0xe59c1b8f022653b8,16,Vinícius,Júnior,Kyle,Walker,2
0xe59c1b8f022653b8,23,Mohamed,Salah,Cristiano,Ronaldo,4226
0xe59c1b8f022653b8,63,Mohamed,Salah,,,2
0xe59c1b8f021884d3,32,Jules,Koundé,Federico,Valverde,6
0xe59c1b8f0217d84b,65,Cristiano,Ronaldo,Federico,Valverde,2
0xe59c1b8f0217d84b,87,Lois,Openda,Cristiano,Ronaldo,2
0xe59c1b8f0217d84b,21,Mohamed,Salah,Vinícius,Júnior,6
0xe59c1b8f016fe642,10,Cristiano,Ronaldo,Kyle,Walker,6
0xe59c1b8f016fe642,53,Cristiano,Ronaldo,,,3
0xe59c1b8f016f1df1,15,Jonathan,David,Cristiano,Ronaldo,2
0xe59c1b8f016ede9e,18,Jonathan,David,Vinícius,Júnior,130
0xe59c1b8f016e3e48,68,Jonathan,David,Federico,Valverde,2
0xe59c1b8f016e3e48,11,Alexandre,Lacazette,Federico,Valverde,2
0xe59c1b8f016d047d,78,Virgil,van Dijk,,,6
0xe59c1b8f016d047d,65,Federico,Valverde,Mohamed,Salah,2
0xe59c1b8f016d047d,56,Mohamed,Salah,Dominik,Szoboszlai,6
0xe59c1b8f016c5c28,11,John,Stones,Mohamed,Salah,6
0xe59c1b8f016c5c28,75,Alexandre,Lacazette,,,3
0xe59c1b8f016c5c28,88,Alexandre,Lacazette,Vinícius,Júnior,1026
0xe59c1b8f016c5c28,64,Mohamed,Salah,Cristiano,Ronaldo,2
0xe59c1b8f016bb332,4,Vinícius,Júnior,,,2
0xe59c1b8f016bb332,15,Vinícius,Júnior,Mohamed,Salah,2
0xe59c1b8f016bb332,90,Vinícius,Júnior,,,3
0xe59c1b8f0109e635,50,John,Stones,Mohamed,Salah,6
0xe59c1b8f01094cb1,82,John,Stones,Mohamed,Salah,6
0xe59c1b8f01094cb1,53,Cristiano,Ronaldo,Mohamed,Salah,514
0xe59c1b8f0108d374,12,Cristiano,Ronaldo,Mohamed,Salah,66
0xe59c1b8f0108d374,49,Cristiano,Ronaldo,,,11
0xe59c1b8f0108d374,58,Mohamed,Salah,Jules,Koundé,2
0xe59c1b8f01080d50,9,Vinícius,Júnior,Federico,Valverde,2
0xe59c1b8f01080d50,27,Cristiano,Ronaldo,Mohamed,Salah,2
0xe59c1b8f00ef5996,43,Mohamed,Salah,Cristiano,Ronaldo,258
0xe59c1b8f00ee33fd,6,Cristiano,Ronaldo,Andrew,Robertson,66
0xe59c1b8f00ee33fd,29,Cristiano,Ronaldo,Federico,Valverde,2
0xe59c1b8f00e14b42,83,Cristiano,Ronaldo,Dominik,Szoboszlai,34
0xe59c1b8f00e14b42,45,Mohamed,Salah,Kyle,Walker,2
0xe59c1b8f00e14b42,90,Mohamed,Salah,Cristiano,Ronaldo,2
0xe59c1b8f00e0eb30,25,Cristiano,Ronaldo,,,18
0xe59c1b8f00e03960,32,Mohamed,Salah,Federico,Valverde,2
0xe59c1b8f00e03960,72,Mohamed,Salah,,,2
0xe59c1b8f00df7c5b,18,Antoine,Griezmann,Victor,Osimhen,3
0xe59c1b8f00df7c5b,51,Antoine,Griezmann,Dominik,Szoboszlai,134
0xe59c1b8f00df7c5b,88,Antoine,Griezmann,Dominik,Szoboszlai,2
0xe59c1b8f00c9bc36,71,Cristiano,Ronaldo,Dominik,Szoboszlai,2
0xe59c1b8f00c9bc36,20,Lois,Openda,Victor,Osimhen,2
0xe59c1b8f00c960dd,9,Virgil,van Dijk,Andrew,Robertson,6
0xe59c1b8f00c960dd,43,Kyle,Walker,Jonathan,David,6
0xe59c1b8f00c960dd,69,Victor,Osimhen,Lois,Openda,2
0xe59c1b8f008adaa3,54,Jules,Koundé,,,2
0xe59c1b8f008adaa3,79,Victor,Osimhen,Lois,Openda,2
0xe59c1b8f008adaa3,87,Victor,Osimhen,Lois,Openda,3
0xe59c1b8f008adaa3,18,Lois,Openda,Jonathan,David,2
0xe59c1b8f008adaa3,68,Lois,Openda,Victor,Osimhen,6
0xe59c1b8f0024906f,60,Victor,Osimhen,Lois,Openda,2
0xe59c1b8f0024906f,52,Lois,Openda,Vinícius,Júnior,135
0xe59c1b8f0024906f,38,Cristiano,Ronaldo,Andrew,Robertson,6
0xe59c1b8f000ef1fb,63,Vinícius,Júnior,,Ederson,3
0xe59c1b8f000e3d00,44,Cristiano,Ronaldo,Vinícius,Júnior,3
0xe59c1b8f000e3d00,61,Cristiano,Ronaldo,Federico,Valverde,99
0xe59c1b8f000e3d00,85,Vinícius,Júnior,,,2
0xe59c1b8f000d83da,53,Federico,Valverde,Cristiano,Ronaldo,2
0xa086f88ba3ead566,35,Federico,Valverde,,,514
0xa086f88ba3ea71cf,39,Mohamed,Salah,,,2
0xa086f88ba3e04b3f,21,Vinícius,Júnior,Federico,Valverde,2
0xa086f88ba3df9ef0,21,Kyle,Walker,,,2
0xa086f88ba3dedbba,90,Cristiano,Ronaldo,Jules,Koundé,66
0xa086f88ba3dedbba,41,Vinícius,Júnior,,,2
0xa086f88ba3dedbba,45,Vinícius,Júnior,Federico,Valverde,2
0xa086f88ba3c0ee43,27,Cristiano,Ronaldo,Vinícius,Júnior,3
0xa086f88ba3c0ee43,49,Cristiano,Ronaldo,Federico,Valverde,130
0xa086f88ba3c07f64,61,Federico,Valverde,Cristiano,Ronaldo,3
0xa086f88ba3c07f64,28,Mohamed,Salah,Rúben,Dias,3
0xa086f88ba3c07f64,51,Cristiano,Ronaldo,Vinícius,Júnior,3
0xa086f88ba3c00d61,28,Jonathan,David,John,Stones,2
0xa086f88ba3c00d61,45,Vinícius,Júnior,Cristiano,Ronaldo,3
0xa086f88ba3c00d61,90,Vinícius,Júnior,Andrew,Robertson,514
0xa086f88ba35dfb32,4,Vinícius,Júnior,,,386
0xa086f88ba35d4e3c,15,Rúben,Dias,Andrew,Robertson,6
0xa086f88ba35d4e3c,3,Vinícius,Júnior,Cristiano,Ronaldo,2
0xa086f88ba325c963,67,Virgil,van Dijk,Antoine,Griezmann,6
0xa086f88ba325c963,57,Cristiano,Ronaldo,,,18
0xa086f88ba325c963,45,Vinícius,Júnior,Andrew,Robertson,6
0xa086f88ba325c963,89,Vinícius,Júnior,Cristiano,Ronaldo,2
0xa086f88ba2fe2594,7,Jonathan,David,,,3
0xa086f88ba2fe2594,16,Vinícius,Júnior,Kyle,Walker,3
0xa086f88ba2fe2594,36,Vinícius,Júnior,Cristiano,Ronaldo,3
0xa086f88ba2fd5a9c,90,Virgil,van Dijk,Andrew,Robertson,6
0xa086f88ba2fd5a9c,18,Cristiano,Ronaldo,Vinícius,Júnior,67
0xa086f88ba2fccb86,22,Cristiano,Ronaldo,Andrew,Robertson,2
0xa086f88ba2fccb86,41,Vinícius,Júnior,Mohamed,Salah,66
0xa086f88ba2fc2e01,34,Cristiano,Ronaldo,Vinícius,Júnior,3
0xa086f88ba2fc2e01,45,Cristiano,Ronaldo,Andrew,Robertson,6
0xa086f88ba2fc2e01,60,Victor,Osimhen,Cristiano,Ronaldo,2
0xa086f88ba2fc2e01,66,Victor,Osimhen,Mohamed,Salah,67
0xa086f88ba2fba2fa,35,John,Stones,Andrew,Robertson,6
0xa086f88ba2fba2fa,53,Vinícius,Júnior,Federico,Valverde,2
0xa086f88ba2fb4df0,36,Vinícius,Júnior,Mohamed,Salah,2
0xa086f88ba2c750fc,64,Jonathan,David,,,66
0xa086f88ba2c750fc,22,Vinícius,Júnior,Cristiano,Ronaldo,2
0xa086f88ba2bfa58e,90,Kyle,Walker,Lois,Openda,6
0xa086f88ba2bfa58e,27,Vinícius,Júnior,Kyle,Walker,2
0xa086f88ba2bf0c47,49,Rúben,Dias,Andrew,Robertson,6
0xa086f88ba2bf0c47,42,Vinícius,Júnior,Federico,Valverde,2
0xa086f88ba2bf0c47,90,Vinícius,Júnior,Jonathan,David,2
0xa086f88ba2be1a6e,80,Cristiano,Ronaldo,Federico,Valverde,2
0xa086f88ba29e10e7,32,Jonathan,David,Federico,Valverde,3
0xa086f88ba29e10e7,86,Cristiano,Ronaldo,Andrew,Robertson,6
0xa086f88ba235175a,4,Vinícius,Júnior,Cristiano,Ronaldo,2
0xa086f88ba235175a,25,,Alisson,,,2048
0xa086f88ba20feec6,23,Vinícius,Júnior,Federico,Valverde,3
0xa086f88ba20feec6,52,Vinícius,Júnior,,,4098
0xa086f88ba20f53d7,118,John,Stones,Andrew,Robertson,70
0xa086f88ba20f53d7,79,Lois,Openda,John,Stones,1026
0xa086f88ba20f53d7,20,Vinícius,Júnior,Cristiano,Ronaldo,34
0xa086f88ba1f06a4b,41,Vinícius,Júnior,Dominik,Szoboszlai,6
0xa086f88ba1efeb1b,67,John,Stones,Andrew,Robertson,6
0xa086f88ba1efeb1b,20,Cristiano,Ronaldo,Vinícius,Júnior,3
0xa086f88ba1e6c3b2,16,Kyle,Walker,Cristiano,Ronaldo,2
0xa086f88ba1e6c3b2,11,Federico,Valverde,,,2
0xa086f88ba1e6c3b2,39,Vinícius,Júnior,Cristiano,Ronaldo,3
0xa086f88ba1e596f8,32,Dominik,Szoboszlai,Andrew,Robertson,6
0xa086f88ba1e596f8,14,Vinícius,Júnior,Dominik,Szoboszlai,38
0xa086f88ba1e596f8,22,Vinícius,Júnior,Dominik,Szoboszlai,66
0xa086f88ba1e596f8,45,Vinícius,Júnior,Cristiano,Ronaldo,6
0xa086f88ba1bcc44b,89,Jonathan,David,Diogo,Jota,2
0xa086f88ba1bcc44b,84,Lois,Openda,,,4098
0xa086f88ba1bcc44b,40,Cristiano,Ronaldo,Federico,Valverde,2
0xa086f88ba1bcc44b,78,Cristiano,Ronaldo,,,146
0xa086f88ba1bc6886,22,Federico,Valverde,Mohamed,Salah,546
0xa086f88ba1bc6886,32,Vinícius,Júnior,Federico,Valverde,2
0xa086f88ba1bc6886,45,Vinícius,Júnior,Mohamed,Salah,3
0xa086f88ba1b16e71,68,John,Stones,Andrew,Robertson,6
0xa086f88ba1b16e71,90,Jonathan,David,Alexandre,Lacazette,3
0xa086f88ba1b0cc77,80,Jonathan,David,Diogo,Jota,2
0xa086f88ba1b0cc77,70,Vinícius,Júnior,Cristiano,Ronaldo,2
0xa086f88ba1b04318,39,Cristiano,Ronaldo,Federico,Valverde,2
0xa086f88ba1b04318,62,Cristiano,Ronaldo,Vinícius,Júnior,2
0xa086f88ba1b04318,57,Vinícius,Júnior,Cristiano,Ronaldo,2
0xa086f88ba1aff553,7,Vinícius,Júnior,Mohamed,Salah,2
0xa086f88ba1aff553,30,Vinícius,Júnior,Cristiano,Ronaldo,2
0xa086f88ba1aff553,54,Vinícius,Júnior,,,4098
0xa086f88ba1af764d,74,Mohamed,Salah,,,2
0xa086f88ba1af764d,12,Cristiano,Ronaldo,Federico,Valverde,2
0xa086f88ba1af764d,54,Cristiano,Ronaldo,Andrew,Robertson,514
0xa086f88ba1aebc76,5,Cristiano,Ronaldo,Andrew,Robertson,6
0xa086f88ba191197c,57,Vinícius,Júnior,Dominik,Szoboszlai,514
0xa086f88ba147de58,50,Federico,Valverde,Dominik,Szoboszlai,6
0xa086f88ba147de58,84,Cristiano,Ronaldo,,,3
0xa086f88ba147de58,43,Vinícius,Júnior,Cristiano,Ronaldo,2
0xa086f88ba1475082,76,Jonathan,David,,,131
0xa086f88ba1475082,14,Cristiano,Ronaldo,Mohamed,Salah,2
0xa086f88ba1475082,65,Vinícius,Júnior,Federico,Valverde,2
0xa086f88ba146f09f,42,Mohamed,Salah,,,18
0xa086f88ba146f09f,28,Cristiano,Ronaldo,Vinícius,Júnior,2
0xa086f88ba146f09f,73,Cristiano,Ronaldo,,,34
0xa086f88ba144bdd7,60,Victor,Osimhen,Vinícius,Júnior,2
0xa086f88ba144bdd7,8,Cristiano,Ronaldo,Vinícius,Júnior,2
0xa086f88ba144bdd7,31,Thomas,Partey,,,2048
0xa086f88ba1442089,10,Cristiano,Ronaldo,Dominik,Szoboszlai,2
0xa086f88ba1442089,18,Vinícius,Júnior,Cristiano,Ronaldo,3
0xa086f88ba1442089,27,Vinícius,Júnior,Cristiano,Ronaldo,2
0xa086f88ba14381f6,3,Cristiano,Ronaldo,Federico,Valverde,66
0xa086f88ba142ae2f,14,Federico,Valverde,Jules,Koundé,67
0xa086f88ba137fb44,114,Dominik,Szoboszlai,Andrew,Robertson,6
0xa086f88ba137fb44,90,Federico,Valverde,Jules,Koundé,2
0xa086f88ba137fb44,73,Min-Jae,Kim,,,2048
0xa086f88ba11e7254,38,Cristiano,Ronaldo,Vinícius,Júnior,34
0xa086f88ba11e7254,81,Vinícius,Júnior,Cristiano,Ronaldo,3
0xa086f88ba11e1faf,60,Andrew,Robertson,Federico,Valverde,258
0xa086f88ba11e1faf,54,Cristiano,Ronaldo,Vinícius,Júnior,66
0xa086f88ba11dd907,45,Dominik,Szoboszlai,,,2
0xa086f88ba11dd907,21,Mohamed,Salah,Dominik,Szoboszlai,2
0xa086f88ba11dd907,67,Mohamed,Salah,,,18
0xa086f88ba11dd907,36,Vinícius,Júnior,Federico,Valverde,2
0xa086f88ba11d8620,57,Mohamed,Salah,,,146
0xa086f88ba11d8620,13,Vinícius,Júnior,Dominik,Szoboszlai,2
0xa086f88ba11d8620,71,Vinícius,Júnior,Andrew,Robertson,70
0xa086f88ba11d31e6,45,Cristiano,Ronaldo,Vinícius,Júnior,2
0xa086f88ba11d31e6,3,Vinícius,Júnior,,,3
0xa086f88ba11d31e6,54,Vinícius,Júnior,Cristiano,Ronaldo,3
0xa086f88ba0fabea4,63,Dominik,Szoboszlai,,,2
0xa086f88ba0fabea4,84,Cristiano,Ronaldo,Vinícius,Júnior,2
0xa086f88ba0fabea4,36,Vinícius,Júnior,Mohamed,Salah,66
0xa086f88ba0fa5724,45,Vinícius,Júnior,,,2
0xa086f88ba0fa5724,51,Vinícius,Júnior,,,3
0xa086f88ba0f9d82c,29,Dominik,Szoboszlai,,,2
0xa086f88ba0f9d82c,75,Mohamed,Salah,Cristiano,Ronaldo,3
0xa086f88ba0f9d82c,48,Cristiano,Ronaldo,Vinícius,Júnior,2
0xa086f88ba0f9d82c,87,Cristiano,Ronaldo,Vinícius,Júnior,2
0xa086f88ba0f97546,85,Vinícius,Júnior,Cristiano,Ronaldo,2
0xa086f88ba0f92e2e,34,Virgil,van Dijk,Andrew,Robertson,70
0xa086f88ba0f92e2e,10,Cristiano,Ronaldo,Andrew,Robertson,2
0xa086f88ba0f92e2e,25,Vinícius,Júnior,Andrew,Robertson,2
0xa086f88ba0f92e2e,45,Vinícius,Júnior,Cristiano,Ronaldo,514
0xa086f88ba0a4b647,10,Federico,Valverde,Kyle,Walker,258
0xa086f88ba09acd73,44,Cristiano,Ronaldo,,,2
0xa086f88ba09acd73,57,Cristiano,Ronaldo,,,66
0xa086f88ba09acd73,90,Victor,Osimhen,Jonathan,David,2
0xa086f88ba099f110,117,Alexandre,Lacazette,Diogo,Jota,514
0xa086f88ba099f110,15,Mohamed,Salah,Kyle,Walker,130
0xa086f88ba099f110,56,Mohamed,Salah,Andrew,Robertson,6
0xa086f88ba03c86ac,73,Virgil,van Dijk,Andrew,Robertson,514
0xa086f88ba03c86ac,15,Cristiano,Ronaldo,Federico,Valverde,2
0xa086f88ba03c86ac,79,Victor,Osimhen,,,146
0xa086f88ba03c86ac,4,Vinícius,Júnior,Cristiano,Ronaldo,2
0xa086f88ba0306b09,81,Mohamed,Salah,,,75
0xa086f88ba0306b09,114,Victor,Osimhen,,,2
0xa086f88ba02f4b42,105,Lois,Openda,Antoine,Griezmann,34
0xa086f88ba02f4b42,9,Vinícius,Júnior,Cristiano,Ronaldo,2
0xa086f88ba02eba2f,23,Cristiano,Ronaldo,Mohamed,Salah,2
0xa086f88ba02eba2f,14,Vinícius,Júnior,Cristiano,Ronaldo,2
0xa086f88ba02eba2f,49,Vinícius,Júnior,Jules,Koundé,2
0xa086f88ba02e20d2,60,Cristiano,Ronaldo,Jules,Koundé,2
0xa086f88ba02e20d2,82,Cristiano,Ronaldo,Mohamed,Salah,2
0xa086f88ba02e20d2,4,Vinícius,Júnior,Jules,Koundé,2
0xa086f88ba01fd692,27,Rúben,Dias,Andrew,Robertson,6
0xa086f88ba01fd692,86,Cristiano,Ronaldo,,,2
0xa086f88ba01fd692,65,Lois,Openda,Alexandre,Lacazette,2
0xa086f88ba01f3727,103,Rúben,Dias,,,2
0xa086f88ba01f3727,36,Mohamed,Salah,Cristiano,Ronaldo,3
0xa086f88ba01e4558,80,Mohamed,Salah,Geoffrey,Kondogbia,6
0xa086f88ba01e4558,27,Cristiano,Ronaldo,Mohamed,Salah,2
0xa086f88ba01e4558,39,Cristiano,Ronaldo,Mohamed,Salah,2
0xa086f88ba01dd893,90,Victor,Osimhen,Cristiano,Ronaldo,258
0xa086f88ba01d745e,66,Virgil,van Dijk,Andrew,Robertson,6
0xa086f88ba01d745e,36,Victor,Osimhen,Jonathan,David,66
0xa086f88ba01d745e,53,Victor,Osimhen,Cristiano,Ronaldo,66
0xa086f88b9fffe5e1,90,Victor,Osimhen,Cristiano,Ronaldo,2
0xa086f88b9fffe5e1,57,Cristiano,Ronaldo,Victor,Osimhen,2
0xa086f88b9ffef415,30,Rúben,Dias,Andrew,Robertson,6
0xa086f88b9ffef415,89,Jules,Koundé,Andrew,Robertson,6
0xa086f88b9fe61d63,30,Rúben,Dias,Andrew,Robertson,134
0xa086f88b9fe61d63,13,Jonathan,David,Vinícius,Júnior,2
0xa086f88b9fe61d63,69,Cristiano,Ronaldo,,,2
0xa086f88b9fe5558b,102,Lois,Openda,Andrew,Robertson,2
0xa086f88b9fe5558b,11,Vinícius,Júnior,Andrew,Robertson,6
0xa086f88b9fc794da,3,Vinícius,Júnior,Cristiano,Ronaldo,3
0xa086f88b9fc794da,45,Jonathan,David,Mohamed,Salah,6
0xa086f88b9f77f4c5,83,Dominik,Szoboszlai,Vinícius,Júnior,6
0xa086f88b9f77f4c5,22,Cristiano,Ronaldo,Mohamed,Salah,2
0xa086f88b9f773a45,113,Lois,Openda,Kyle,Walker,2
0xa086f88b9f773a45,15,Vinícius,Júnior,Cristiano,Ronaldo,2
0xa086f88b9f773a45,87,Vinícius,Júnior,,,2
0xa086f88b9f768672,6,Cristiano,Ronaldo,,,2
0xa086f88b9f5c2409,27,Cristiano,Ronaldo,Jonathan,David,2
0xa086f88b9f5c2409,34,Vinícius,Júnior,Andrew,Robertson,2
0xa086f88b9ea53906,75,Jonathan,David,Cristiano,Ronaldo,3
0xa086f88b9ea53906,17,Cristiano,Ronaldo,Jonathan,David,2
0xa086f88b9ea53906,10,Vinícius,Júnior,Cristiano,Ronaldo,2
0xa086f88b9ea496d9,54,Vinícius,Júnior,Jules,Koundé,2
0xa086f88b9ea496d9,12,Cristiano,Ronaldo,Jonathan,David,3
0xa086f88b9ea496d9,77,Cristiano,Ronaldo,Jonathan,David,3
0xa086f88b9ea496d9,90,Cristiano,Ronaldo,Jules,Koundé,2
0xa086f88b9ea496d9,20,Mohamed,Salah,Vinícius,Júnior,2
0xa086f88b9ea496d9,30,Dominik,Szoboszlai,Kyle,Walker,134
0xa086f88b9e548aef,76,Virgil,van Dijk,Andrew,Robertson,6
0xa086f88b9e548aef,4,Cristiano,Ronaldo,Victor,Osimhen,3
0xa086f88b9e548aef,35,Cristiano,Ronaldo,Andrew,Robertson,134
0xa086f88b9e53f76b,14,Cristiano,Ronaldo,Kyle,Walker,6
0xa086f88b9e53f76b,29,Vinícius,Júnior,Dominik,Szoboszlai,2
0xa086f88b9e3ceb0c,32,Rúben,Dias,Andrew,Robertson,6
0xa086f88b9e3c41b1,72,Victor,Osimhen,Andrew,Robertson,6
0xa086f88b9de9d9db,3,Vinícius,Júnior,Cristiano,Ronaldo,2
0xa086f88b9de9d9db,55,Vinícius,Júnior,Dominik,Szoboszlai,2
0xa086f88b9de92fb7,9,Dominik,Szoboszlai,Jules,Koundé,2
0xa086f88b9de92fb7,38,Dominik,Szoboszlai,Cristiano,Ronaldo,6
0xa086f88b9de92fb7,68,Cristiano,Ronaldo,,,18
0xa086f88b9de92fb7,83,Vinícius,Júnior,Dominik,Szoboszlai,2
0xa086f88b9dd8cc24,38,Jonathan,David,Cristiano,Ronaldo,130
0xa086f88b9dd8cc24,3,Vinícius,Júnior,Jules,Koundé,2
0xa086f88b9dd8cc24,22,Vinícius,Júnior,Cristiano,Ronaldo,3
0xa086f88b9dd8cc24,57,Vinícius,Júnior,Mohamed,Salah,2
0xa086f88b9dd8cc24,64,Vinícius,Júnior,Kyle,Walker,2
0xa086f88b9dd6b1c6,64,Jules,Koundé,Dominik,Szoboszlai,3
0xa086f88b9dd6b1c6,27,Cristiano,Ronaldo,Rúben,Dias,3
0xa086f88b9dd6b1c6,41,Vinícius,Júnior,Mohamed,Salah,3
0xa086f88b9dd6003c,44,Cristiano,Ronaldo,,,3
0xa086f88b9dd6003c,69,Cristiano,Ronaldo,Dominik,Szoboszlai,2
0xa086f88b9dd6003c,14,Vinícius,Júnior,Virgil,van Dijk,3
0xa086f88b9dd54468,81,Vinícius,Júnior,Dominik,Szoboszlai,2
0xa086f88b9dd495e0,34,Cristiano,Ronaldo,Mohamed,Salah,2
0xa086f88b9dd495e0,55,Cristiano,Ronaldo,Victor,Osimhen,67
0xa086f88b9dce28d2,71,Lois,Openda,Cristiano,Ronaldo,2
0xa086f88b9db4ebc9,73,Cristiano,Ronaldo,,,11
0xa086f88b9db4ebc9,24,Victor,Osimhen,Cristiano,Ronaldo,67
0xa086f88b9db38873,45,Rúben,Dias,Andrew,Robertson,6
0xa086f88b9db38873,52,Kyle,Walker,Alexandre,Lacazette,2
0xa086f88b9db38873,73,Vinícius,Júnior,Lois,Openda,3
0xa086f88b9db38873,61,Victor,Osimhen,Mohamed,Salah,34
0xa086f88b9db2f9db,77,Cristiano,Ronaldo,Lois,Openda,6
0xa086f88b9db2f9db,82,Cristiano,Ronaldo,Lois,Openda,3
0xa086f88b9db2f9db,45,Victor,Osimhen,Jonathan,David,66
0xa086f88b9db28c4a,74,Cristiano,Ronaldo,Alexandre,Lacazette,2
0xa086f88b9db28c4a,16,Victor,Osimhen,Alexandre,Lacazette,2
0xa086f88b9db28c4a,90,Victor,Osimhen,Cristiano,Ronaldo,2
0xa086f88b9db208f9,41,Victor,Osimhen,Alexandre,Lacazette,2
0xa086f88b9db208f9,59,Victor,Osimhen,Cristiano,Ronaldo,2
0xa086f88b9db208f9,51,Mohamed,Salah,Jules,Koundé,66
0xa086f88b9db208f9,70,Cristiano,Ronaldo,,,2
0xa086f88b9db19778,86,Virgil,van Dijk,Andrew,Robertson,6
0xa086f88b9db19778,60,Victor,Osimhen,Jules,Koundé,2
0xa086f88b9d79f51b,90,Jules,Koundé,Andrew,Robertson,6
0xa086f88b9d678b5b,64,Cristiano,Ronaldo,,,322
0xa086f88b9d678b5b,49,Victor,Osimhen,Cristiano,Ronaldo,3
0xa086f88b9d6769ae,9,Cristiano,Ronaldo,,,2
0xa086f88b9d6693e9,22,Rúben,Dias,Andrew,Robertson,6
0xa086f88b9d6693e9,37,Rúben,Dias,Andrew,Robertson,6
0xa086f88b9d6693e9,60,Cristiano,Ronaldo,,,2
0xa086f88b9d65b83f,29,Cristiano,Ronaldo,Dominik,Szoboszlai,3
0xa086f88b9d65631a,24,Dominik,Szoboszlai,,,3
0xa086f88b9d65631a,15,Jonathan,David,,,2
0xa086f88b9d65631a,11,Vinícius,Júnior,Jonathan,David,3
0xa086f88b9d64fad7,13,Vinícius,Júnior,Mohamed,Salah,2
0xa086f88b9d64fad7,39,Vinícius,Júnior,,,4098
0xa086f88b9d64fad7,45,Vinícius,Júnior,Jules,Koundé,3
0xa086f88b9d41f273,59,Jonathan,David,Virgil,van Dijk,2
0xa086f88b9d4171d5,24,Cristiano,Ronaldo,,,2
0xa086f88b9d4171d5,49,Vinícius,Júnior,Mohamed,Salah,2
0xa086f88b9d4111b2,80,Virgil,van Dijk,Andrew,Robertson,6
0xa086f88b9d4111b2,36,Jonathan,David,Dominik,Szoboszlai,3
0xa086f88b9d4111b2,11,Cristiano,Ronaldo,Dominik,Szoboszlai,2
0xa086f88b9d40f41b,16,Cristiano,Ronaldo,Dominik,Szoboszlai,2
0xa086f88b9d40f41b,25,Victor,Osimhen,Dominik,Szoboszlai,2
0xa086f88b9d1432b0,49,Jonathan,David,Victor,Osimhen,2
0xa086f88b9d1432b0,22,Cristiano,Ronaldo,,,18
0xa086f88b9d0ed68e,90,Geoffrey,Kondogbia,Dominik,Szoboszlai,6
0xa086f88b9d0ed68e,24,Victor,Osimhen,Cristiano,Ronaldo,38
0xa086f88b9d0ed68e,45,Victor,Osimhen,Cristiano,Ronaldo,4098
0xa086f88b9d0ed68e,82,Victor,Osimhen,Cristiano,Ronaldo,4098
0xa086f88b9d0e4c82,58,Jules,Koundé,Dominik,Szoboszlai,6
0xa086f88b9d0e4c82,83,Mohamed,Salah,,,3
0xa086f88b9d0daca6,37,Cristiano,Ronaldo,Victor,Osimhen,323
0xa086f88b9d0daca6,48,Cristiano,Ronaldo,Jonathan,David,2
0xa086f88b9d0daca6,88,Lois,Openda,Alexandre,Lacazette,6
0xa086f88b9d0daca6,63,Victor,Osimhen,Cristiano,Ronaldo,2
0xa086f88b9d0d0113,4,Cristiano,Ronaldo,Dominik,Szoboszlai,3
0xa086f88b9d0d0113,89,Vinícius,Júnior,,,2
0xa086f88b9d0d0113,66,Victor,Osimhen,Mohamed,Salah,2
0xa086f88b9d0c59f1,37,Cristiano,Ronaldo,Victor,Osimhen,3
0xa086f88b9d0c59f1,45,Cristiano,Ronaldo,Kyle,Walker,38
0xa086f88b9d0c59f1,20,Victor,Osimhen,,,2
0xa086f88b9ce5039b,19,Cristiano,Ronaldo,Jonathan,David,3
0xa086f88b9ce5039b,60,Cristiano,Ronaldo,Mohamed,Salah,2
0xa086f88b9ce48c1f,69,Cristiano,Ronaldo,Vinícius,Júnior,3
0xa086f88b9ce48c1f,83,Cristiano,Ronaldo,Vinícius,Júnior,3
0xa086f88b9ce48c1f,44,Vinícius,Júnior,Dominik,Szoboszlai,34
0xa086f88b9ce48c1f,59,Vinícius,Júnior,Cristiano,Ronaldo,323
0xa086f88b9ce42389,90,John,Stones,Mohamed,Salah,70
0xa086f88b9ce42389,8,Cristiano,Ronaldo,Kyle,Walker,67
0xa086f88b9ce3d144,17,Jonathan,David,Dominik,Szoboszlai,4866
0xa086f88b9ce3d144,48,Jonathan,David,Jules,Koundé,67
0xa086f88b9ce3d144,34,Vinícius,Júnior,Andrew,Robertson,514
0xa086f88b9cc4b837,17,Vinícius,Júnior,Cristiano,Ronaldo,290
0xa086f88b9cc4b837,76,Vinícius,Júnior,Cristiano,Ronaldo,259
0xa086f88b9cc4463c,85,Andrew,Robertson,,,2
0xa086f88b9cc4463c,10,Cristiano,Ronaldo,Jonathan,David,2
0xa086f88b9cc4463c,78,Vinícius,Júnior,Jonathan,David,6
0xa086f88b9ca909a8,33,Rúben,Dias,Mohamed,Salah,6
0xa086f88b9ca909a8,90,Mohamed,Salah,,,146
0xa086f88b9ca909a8,36,Cristiano,Ronaldo,,,130
0xa086f88b9ca84dd8,72,Lois,Openda,Cristiano,Ronaldo,322
0xa086f88b9ca84dd8,21,Vinícius,Júnior,Andrew,Robertson,66
0xa086f88b9ca68c30,56,Vinícius,Júnior,Dominik,Szoboszlai,2
0xa086f88b9c97ee8c,4,Cristiano,Ronaldo,Vinícius,Júnior,2
0xa086f88b9c976243,8,Cristiano,Ronaldo,,,4098
0xa086f88b9c976243,27,Vinícius,Júnior,Jonathan,David,6
0xa086f88b9c976243,81,Vinícius,Júnior,Dominik,Szoboszlai,3
0xa086f88b9c96b62b,89,Alexandre,Lacazette,Lois,Openda,70
0xa086f88b9c96b62b,43,Cristiano,Ronaldo,Vinícius,Júnior,2
0xa086f88b9c95f27c,18,Andrew,Robertson,,,2
0xa086f88b9c95f27c,90,Cristiano,Ronaldo,Kyle,Walker,38
0xa086f88b9c95f27c,53,Vinícius,Júnior,Cristiano,Ronaldo,2
0xa086f88b9c95f27c,43,Lois,Openda,Bruno,Fernandes,2
0xa086f88b9c75d26f,84,Victor,Osimhen,Lois,Openda,3
0xa086f88b9c75d26f,30,Cristiano,Ronaldo,Vinícius,Júnior,67
0xa086f88b9c2393bc,90,,Ederson,,,1026
0xa086f88b9c2393bc,55,Mohamed,Salah,Cristiano,Ronaldo,2
0xa086f88b9c2393bc,79,Vinícius,Júnior,Cristiano,Ronaldo,2
0xa086f88b9c2393bc,83,Vinícius,Júnior,Cristiano,Ronaldo,2
0xa086f88b9c23635b,20,Cristiano,Ronaldo,Vinícius,Júnior,2
0xa086f88b9c23635b,24,Cristiano,Ronaldo,,,2
0xa086f88b9bff8cc1,27,Vinícius,Júnior,Andrew,Robertson,6
0xa086f88b9bd04990,31,Vinícius,Júnior,Cristiano,Ronaldo,2
0xa086f88b9bd04990,37,Vinícius,Júnior,Cristiano,Ronaldo,3
0xa086f88b9bcfa548,48,Lois,Openda,Victor,Osimhen,2
0xa086f88b9bc7c8bc,59,Cristiano,Ronaldo,,,2
0xa086f88b9bc7c8bc,41,Lois,Openda,Mohamed,Salah,6
0xa086f88b9bc6fe40,20,Victor,Osimhen,Lois,Openda,6
0xa086f88b9bc6fe40,40,Victor,Osimhen,,,2
0xa086f88b9bc6fe40,54,Victor,Osimhen,Bruno,Fernandes,3
0xa086f88b9bc6fe40,76,Victor,Osimhen,,,2
0xa086f88b9bc642ed,79,Victor,Osimhen,Bruno,Fernandes,6
0xa086f88b9bad27a7,87,Cristiano,Ronaldo,Vinícius,Júnior,6
0xa086f88b9bad27a7,27,Vinícius,Júnior,,,2
0xa086f88b9bad27a7,45,Vinícius,Júnior,Jonathan,David,2
0xa086f88b9bac377d,29,Cristiano,Ronaldo,,,34
0xa086f88b9bac377d,52,Cristiano,Ronaldo,Vinícius,Júnior,2
0xa086f88b9bac377d,35,Vinícius,Júnior,Cristiano,Ronaldo,4226
0xa086f88b9bac377d,68,Vinícius,Júnior,Dominik,Szoboszlai,4098
0xa086f88b9bab9f0e,28,Cristiano,Ronaldo,Dominik,Szoboszlai,3
0xa086f88b9baa02e5,54,Rúben,Dias,Mohamed,Salah,134
0xa086f88b9baa02e5,24,Mohamed,Salah,,,2
0xa086f88b9ba9b369,33,Virgil,van Dijk,Mohamed,Salah,6
0xa086f88b9ba9b369,5,Jonathan,David,,,130
0xa086f88b9ba9b369,35,Vinícius,Júnior,,,3
0xa086f88b9ba8f1d7,85,Dominik,Szoboszlai,Mohamed,Salah,134
0xa086f88b9ba8f1d7,56,Jonathan,David,Dominik,Szoboszlai,3
0xa086f88b9ba8f1d7,17,David,Raya,,,2048
0xa086f88b9b925cc5,18,Mohamed,Salah,Jules,Koundé,3
0xa086f88b9b925cc5,28,Mohamed,Salah,Vinícius,Júnior,3
0xa086f88b9b91d4f4,30,Virgil,van Dijk,Mohamed,Salah,6
0xa086f88b9b91d4f4,45,Cristiano,Ronaldo,Jules,Koundé,2
0xa086f88b9b915cf5,26,Dominik,Szoboszlai,Kyle,Walker,514
0xa086f88b9b915cf5,19,Jonathan,David,Kyle,Walker,3
0xa086f88b9b1add79,55,Virgil,van Dijk,Mohamed,Salah,6
0xa086f88b9b1add79,73,Victor,Osimhen,Vinícius,Júnior,2
0xa086f88b9b1a9088,90,Lois,Openda,Victor,Osimhen,3
0xa086f88b9b1a9088,41,Jonathan,David,Dominik,Szoboszlai,3
0xa086f88b9b1a41f5,55,Cristiano,Ronaldo,Mohamed,Salah,514
0xa086f88b9acf7148,86,Lois,Openda,Andrew,Robertson,387
0xa086f88b9acf7148,39,Cristiano,Ronaldo,Dominik,Szoboszlai,3
0xa086f88b9acf7148,80,Vinícius,Júnior,Dominik,Szoboszlai,6
0xa086f88b9aceea9a,86,Mohamed,Salah,Vinícius,Júnior,1026
0xa086f88b9aceea9a,21,Cristiano,Ronaldo,Jonathan,David,38
0xa086f88b9aceea9a,48,Vinícius,Júnior,Jonathan,David,3
0xa086f88b9ac2406a,22,Victor,Osimhen,Vinícius,Júnior,2
0xa086f88b9ac1d8f8,38,Dominik,Szoboszlai,Mohamed,Salah,6
0xa086f88b9ac1d8f8,15,Victor,Osimhen,Vinícius,Júnior,2
0xa086f88b9ac1b561,3,Victor,Osimhen,Vinícius,Júnior,2
0xa086f88b9ac1b561,7,Vinícius,Júnior,Mohamed,Salah,3
0xa086f88b9ac1b561,20,Vinícius,Júnior,Victor,Osimhen,6
0xa086f88b9ac1b561,35,Vinícius,Júnior,Andrew,Robertson,6
0xa086f88b9ac13978,50,Virgil,van Dijk,Mohamed,Salah,6
0xa086f88b9ac13978,84,Mohamed,Salah,Lois,Openda,3
0xa086f88b9ac13978,32,Vinícius,Júnior,Cristiano,Ronaldo,1026
0xa086f88b9ac13978,12,Jonathan,David,Dominik,Szoboszlai,6
0xa086f88b9ac0e9c1,60,Jonathan,David,Vinícius,Júnior,6
0xa086f88b9a953730,76,Rafa,Silva,Arthur,Cabral,2
0xa086f88b9a946b05,20,David,Neres,Ángel,Di María,514
0xa086f88b9a946b05,27,David,Neres,Ángel,Di María,38
0xa086f88b9a946b05,45,Rafa,Silva,Orkun,Kökcü,3
0xa086f88b9a946b05,6,Arthur,Cabral,Ángel,Di María,34
0xa086f88b9a9342f3,51,Arthur,Cabral,David,Neres,2
0xa086f88b9a9342f3,69,Arthur,Cabral,Orkun,Kökcü,262
0xa086f88b9a929a03,27,Cristiano,Ronaldo,Jules,Koundé,2
0xa086f88b9a929a03,68,Cristiano,Ronaldo,Jonathan,David,258
0xa086f88b9a929a03,45,Vinícius,Júnior,Jules,Koundé,2
0xa086f88b9a8ae8b4,45,Vinícius,Júnior,Mohamed,Salah,130
0xa086f88b9a8ae8b4,66,Vinícius,Júnior,Cristiano,Ronaldo,2
0xa086f88b9a8ae8b4,75,Vinícius,Júnior,Virgil,van Dijk,2
0xa086f88b9a8ae8b4,3,Cristiano,Ronaldo,Vinícius,Júnior,323
0xa086f88b9a5b90b3,84,Jonathan,David,Alexandre,Lacazette,2
0xa086f88b9a5b90b3,13,Vinícius,Júnior,Virgil,van Dijk,3
0xa086f88b9a3e67c1,63,Jonathan,David,,,3
0xa086f88b9a3e67c1,25,Vinícius,Júnior,Cristiano,Ronaldo,2
0xa086f88b9a3defeb,76,Jonathan,David,Dominik,Szoboszlai,2
0xa086f88b9a3defeb,28,Cristiano,Ronaldo,Vinícius,Júnior,2
0xa086f88b9a3defeb,56,Cristiano,Ronaldo,Vinícius,Júnior,3
0xa086f88b99d0e7b9,67,Cristiano,Ronaldo,Vinícius,Júnior,3
0xa086f88b99ba48fe,6,Cristiano,Ronaldo,Mohamed,Salah,6
0xa086f88b99ba48fe,57,Cristiano,Ronaldo,,,2
0xa086f88b99ba48fe,69,Vinícius,Júnior,,,2
0xa086f88b99b99ae9,66,Dominik,Szoboszlai,Jonathan,David,2
0xa086f88b99b99ae9,30,Vinícius,Júnior,Cristiano,Ronaldo,2
0xa086f88b99b8eed5,73,Cristiano,Ronaldo,Jonathan,David,2
0xa086f88b99ad1bc4,12,Dominik,Szoboszlai,Vinícius,Júnior,2
0xa086f88b99ad1bc4,64,Vinícius,Júnior,Jonathan,David,259
0xa086f88b99962c6d,10,Arthur,Cabral,Ángel,Di María,6
0xa086f88b9995822e,72,Lois,Openda,Kyle,Walker,2
0xa086f88b9994d51f,53,Vinícius,Júnior,Cristiano,Ronaldo,3
0xa086f88b9994d51f,57,Vinícius,Júnior,Jonathan,David,2
0xa086f88b9994d51f,45,Cristiano,Ronaldo,Mohamed,Salah,2
0xa086f88b9994d51f,63,Cristiano,Ronaldo,Vinícius,Júnior,258
0xa086f88b9946355b,21,Cristiano,Ronaldo,Mohamed,Salah,6
0xa086f88b9946355b,59,Mohamed,Salah,,,2
0xa086f88b99457e9c,90,Mohamed,Salah,Lois,Openda,3
0xa086f88b99457e9c,45,Cristiano,Ronaldo,Vinícius,Júnior,66
0xa086f88b9944bdf6,49,Jonathan,David,Bruno,Fernandes,514
0xa086f88b9944bdf6,42,Cristiano,Ronaldo,Mohamed,Salah,2
0xa086f88b9944bdf6,10,Mohamed,Salah,Cristiano,Ronaldo,6
0xa086f88b993efb43,49,Mohamed,Salah,Vinícius,Júnior,514
0xa086f88b993c2fb6,45,Vinícius,Júnior,Mohamed,Salah,2
0xa086f88b993c2fb6,3,Mohamed,Salah,Vinícius,Júnior,2
0xa086f88b993a9c0f,76,Lois,Openda,Jules,Koundé,2
0xa086f88b993a9c0f,85,Cristiano,Ronaldo,Jules,Koundé,66
0xa086f88b993a9c0f,27,Mohamed,Salah,Vinícius,Júnior,2
0xa086f88b992ffbda,70,Lois,Openda,Cristiano,Ronaldo,2
0xa086f88b992ffbda,21,Mohamed,Salah,Vinícius,Júnior,130
0xa086f88b992f28f8,33,Virgil,van Dijk,Mohamed,Salah,6
0xa086f88b992f28f8,65,Cristiano,Ronaldo,Alexandre,Lacazette,6
0xa086f88b992f28f8,76,Lois,Openda,Cristiano,Ronaldo,6
0xa086f88b992f28f8,37,Vinícius,Júnior,Dominik,Szoboszlai,2
0xa086f88b992e509a,90,Cristiano,Ronaldo,Jules,Koundé,3
0xa086f88b992e509a,80,Mohamed,Salah,,,18
0xa086f88b98cc1d45,10,Vinícius,Júnior,Mohamed,Salah,4098
0xa086f88b98cc1d45,21,Vinícius,Júnior,,,2
0xa086f88b98cc1d45,39,Mohamed,Salah,Alexandre,Lacazette,2
0xa086f88b98cb9f24,27,Jonathan,David,,,2
0xa086f88b98cb9f24,81,Vinícius,Júnior,Alexandre,Lacazette,131
0xa086f88b98cb1c30,21,Jonathan,David,Dominik,Szoboszlai,2
0xa086f88b98cb1c30,79,Alexandre,Lacazette,,,2
0xa086f88b98cb1c30,48,Vinícius,Júnior,Jonathan,David,2
0xa086f88b98cb1c30,64,Mohamed,Salah,Alexandre,Lacazette,6
0xa086f88b98cab631,66,Mohamed,Salah,Vinícius,Júnior,67
0xa086f88b98c02650,52,Jonathan,David,,,2
0xa086f88b98c02650,35,Vinícius,Júnior,Kyle,Walker,38
0xa086f88b98779de2,53,Cristiano,Ronaldo,,,3
0xa086f88b9876e473,55,Cristiano,Ronaldo,Mohamed,Salah,2
0xa086f88b9876e473,83,Cristiano,Ronaldo,Virgil,van Dijk,3
0xa086f88b983143cd,30,Mohamed,Salah,,,18
0xa086f88b983143cd,90,Lois,Openda,Alexandre,Lacazette,34
0xa086f88b983143cd,8,Jonathan,David,Jules,Koundé,3
0xa086f88b9830d383,38,Mohamed,Salah,Dominik,Szoboszlai,262
0xa086f88b9830d383,23,Vinícius,Júnior,Cristiano,Ronaldo,3
0xa086f88b97ac6316,13,Vinícius,Júnior,Cristiano,Ronaldo,1027
0xa086f88b97ac6316,83,Vinícius,Júnior,Cristiano,Ronaldo,2
0xa086f88b97618392,45,Vinícius,Júnior,Andrew,Robertson,2
0xa086f88b97618392,4,Cristiano,Ronaldo,Andrew,Robertson,2
0xa086f88b97611df3,58,Rúben,Dias,Andrew,Robertson,6
0xa086f88b97611df3,23,Virgil,van Dijk,Andrew,Robertson,6
0xa086f88b97611df3,31,Cristiano,Ronaldo,Vinícius,Júnior,2
0xa086f88b9760da79,11,Cristiano,Ronaldo,,,515
0xa086f88b9760da79,39,Cristiano,Ronaldo,,,75
0xa086f88b974aa4e0,71,Mohamed,Salah,,,18
0xa086f88b974aa4e0,81,Lois,Openda,Cristiano,Ronaldo,2
0xa086f88b974a32c9,77,Lois,Openda,Cristiano,Ronaldo,2
0xa086f88b974a32c9,17,Cristiano,Ronaldo,Andrew,Robertson,2
0xa086f88b972bf3c6,5,John,Stones,Andrew,Robertson,6
0xa086f88b972bf3c6,39,Cristiano,Ronaldo,,,2
0xa086f88b972b6e71,45,Virgil,van Dijk,Andrew,Robertson,6
0xa086f88b9722bdad,90,Vinícius,Júnior,,,2
0xa086f88b9722bdad,71,Lois,Openda,Dominik,Szoboszlai,34
0xa086f88b97222fc2,66,Vinícius,Júnior,Alexandre,Lacazette,2
0xa086f88b97222fc2,82,Alexandre,Lacazette,Vinícius,Júnior,2
0xa086f88b97222fc2,89,Alexandre,Lacazette,Bruno,Fernandes,3
0xa086f88b97222fc2,49,Cristiano,Ronaldo,Vinícius,Júnior,2
0xa086f88b971502c9,45,Virgil,van Dijk,Andrew,Robertson,6
0xa086f88b971502c9,90,Alexandre,Lacazette,Dominik,Szoboszlai,67
0xa086f88b971502c9,30,Cristiano,Ronaldo,,,11
0xa086f88b971492f6,64,Virgil,van Dijk,Andrew,Robertson,6
