match_id,is_home,opponent,our_score,opponent_score,motm_first_name,motm_last_name,manager,event_id,match_time,minutes_played,result
0x425efdbbf0fa674e,False,R MADRID,1,0,Éder,Militão,DAVID,1357,1734876013,93,Galibiyet
0x425efdbbf0f9b777,True,R MADRID,3,2,Lamine,Yamal,CARLO ANCELOTTI,1357,1734875603,91,Galibiyet
0x425efdbbf0f906fd,False,R MADRID,0,2,Lamine,Yamal,ZIAD,1357,1734875190,90,Mağlubiyet
0x425efdbbf0f848ea,False,LEONES,3,1,Harry,Kane,LEO ABRIL,0,1734874740,97,Galibiyet
0x425efdbbf0bac368,False,HAPOEL TIRA,2,1,Vinícius,Júnior,MAJD MANSOR,0,1734821266,90,Galibiyet
0x425efdbbf0ba4058,True,NRBB 1946,3,0,Erling,Haaland,MCOO,0,1734820849,75,Galibiyet
0x425efdbbf0b9b0e0,True,MBONJO FC,2,5,Darwin,Núñez,JOHSON,0,1734820397,93,Mağlubiyet
0x425efdbbf0b91438,False,REAL MADRID,3,1,Jude,Bellingham,CARLO ANCELOT,0,1734819909,92,Galibiyet
0x64339065969357fd,False,R MADRID,4,2,Kylian,Mbappé,CHILL GUY,1357,1734645129,94,Galibiyet
0x643390659692bf47,False,LIVERPOOL,2,1,Luis,Díaz,OKAN BURUK,1357,1734644747,90,Galibiyet
0x6433906596922d44,True,R MADRID,2,1,Trent,Alexander-Arnold,WALID,1357,1734644386,92,Galibiyet
0x643390659691d198,False,R MADRID,1,2,Federico,Valverde,CARLO ANCHALLOTI,1357,1734644161,47,Mağlubiyet
0x64339065965ff28f,True,LIVERPOOL,2,0,Darwin,Núñez,SINANNN,1357,1734621468,93,Galibiyet
0x64339065965eb654,True,R MADRID,4,3,Mohamed,Salah,MUHAMMED,1357,1734620949,94,Galibiyet
0x6433906595fcfc2f,True,LUCHETTO,1,4,Victor,Osimhen,JHON,0,1734540796,80,Mağlubiyet
0x6433906595b67f3a,False,KYRGYZSTAN,2,3,Erling,Haaland,HABIBILLOH,0,1734473391,93,Mağlubiyet
0x6433906595675709,True,LIVERPOOL,2,1,John,Stones,DJEJD,0,1734435649,91,Galibiyet
0x643390659566af81,False,Dream FC,2,4,Dominik,Szoboszlai,RAFAL BRYCJOLSKI,0,1734435255,95,Mağlubiyet
0x6433906595669930,True,ALLAH MADRID FC,1,0,Erling,Haaland,AKUA KWAKU,0,1734435202,5,Galibiyet
0x643390659565f76e,False,Dream FC,1,4,Erling,Haaland,JAH SPIRO,0,1734434816,92,Mağlubiyet
0x6433906595652aad,True,BARCELONA,1,2,Ferran,Torres,YAHYA,1356,1734434326,91,Mağlubiyet
0x6433906595644296,True,R MADRID,0,2,Antonio,Rüdiger,MANAGER,1356,1734433766,91,Mağlubiyet
0x643390659563c18d,True,R MADRID,3,0,Frenkie,de Jong,CHIDI BOY,1356,1734433454,77,Galibiyet
0x6433906595632cda,False,MANCHESTER C,2,2,Kyle,Walker,MANAGER,1356,1734433091,92,Beraberlik
0x64339065950fe116,False,BARCELONA,2,1,Ronald,Araújo,XAVI,1356,1734373804,90,Galibiyet
0x6433906594f0b270,False,MANCHESTER C,3,2,Erling,Haaland,ASLBEK,1356,1734360385,88,Galibiyet
0x6433906594e2f9a1,True,R MADRID,3,4,Lamine,Yamal,KLOPP,1356,1734353874,93,Mağlubiyet
0x6433906594e22295,False,R MADRID,0,1,Dani,Olmo,XAYRABAT,1356,1734353458,68,Mağlubiyet
0x643390659460a4a6,False,R MADRID,0,2,Robert,Lewandowski,SHOHRUZBEKALIYEV,1356,1734273470,91,Mağlubiyet
0x6433906593d60507,True,TUZLA SPOR,2,3,Erling,Haaland,HUSEYIN,2,1734197107,92,Mağlubiyet
0x6433906593d44de6,False,TUZLA SPOR,3,3,,Ederson,HUSEYIN,2,1734196470,120,Beraberlik
0x6433906593742869,True,ATLETICO MADRID,0,4,Phil,Foden,TAMAKI,0,1734129311,82,Mağlubiyet
0x64339065934cdec9,True,FREE PLASTIAN,1,0,John,Stones,PEAP,0,1734102741,92,Galibiyet
0x64339065934c3fb0,False,SENEGAL BOY,0,1,Vinícius,Júnior,BOUBA,0,1734102354,92,Mağlubiyet
0x64339065934b9c0d,True,GIRESUNSPOR,2,3,Cristiano,Ronaldo,EREN,0,1734101956,90,Mağlubiyet
0x64339065930c6cd2,True,MANAGER FC,1,1,Erling,Haaland,NESIS,0,1734042828,91,Beraberlik
0x64339065930be118,True,SNOW,0,1,Vinícius,Júnior,DEZ,0,1734042423,91,Mağlubiyet
0x64339065930b6175,True,ABOADAHM,0,2,Erling,Haaland,MANAGER,0,1734042060,93,Mağlubiyet
0x6433906592fe8155,False,FENERBAHCE,2,1,Éder,Militão,AYKUT KOCAMAN,1355,1734033942,94,Galibiyet
0x6433906592fddb3a,False,FENERBAHCESK,3,0,Toni,Kroos,JOSE MOURINHO,0,1734033575,78,Galibiyet
0x6433906592fd19d3,False,SHAXRIYOR,1,3,Andrew,Robertson,SHAXRIY,0,1734033150,91,Mağlubiyet
0x6433906591ed1aeb,False,UZBEKISTAN,2,2,Virgil,van Dijk,MUHAMMADSODIQ,0,1733846880,93,Beraberlik
0x6433906591ebfd00,False,AZE,1,2,Victor,Osimhen,MAMGER,0,1733846365,93,Mağlubiyet
0x6433906591da452a,True,HAPOEL JLM FC,0,1,Erling,Haaland,IDO ILAN,0,1733837917,92,Mağlubiyet
0x643390659197ac4a,False,ALAHLY FC,2,1,Kylian,Mbappé,KOLER,0,1733786020,92,Galibiyet
0x64339065915c2dc5,False,RHYNOBEST,1,0,,Ederson,SNOOP,0,1733757152,92,Galibiyet
0x64339065915b557c,True,BRENTFORD,3,2,Victor,Osimhen,PEP GUARDIOLA,0,1733756791,90,Galibiyet
0x64339065915a670e,False,QIZILQUM FC,1,1,Jules,Koundé,SHAHZOD,0,1733756390,88,Beraberlik
0x6433906591596c37,False,GALATASARAY,0,3,Victor,Osimhen,FATIH TERIM,0,1733755966,92,Mağlubiyet
0x64339065913e5475,False,KIRO,1,1,Victor,Osimhen,KIRO,0,1733742436,91,Beraberlik
0x64339065913dd160,False,REAL MADRID,0,2,Mohamed,Salah,ANCELOTTI,0,1733742153,56,Mağlubiyet
0x6433906590ea4029,True,BALTHAZAR EBANG FC,0,2,Lionel,Messi,GBATIMA BANGURA,0,1733673281,92,Mağlubiyet
0x6433906590d61d0e,False,AL NASR,0,2,Virgil,van Dijk,ILYOSBEK,0,1733661658,91,Mağlubiyet
0xc0ca745ab07fb77,True,Dream FC,4,3,Cristiano,Ronaldo,MASUAKU,0,1733497216,92,Galibiyet
0xc0ca745aa383312,False,Dream FC,2,1,Erling,Haaland,MANAGERDLL,0,1733331186,120,Galibiyet
0xc0ca745a9b718b7,False,ZEWR,3,4,Dominik,Szoboszlai,QW,0,1733224481,95,Mağlubiyet
0xc0ca745a9b0719d,False,Dream FC,2,0,Erling,Haaland,SERGEN YALCIN,0,1733218191,91,Galibiyet
0xc0ca745a9b05490,True,ELNGOOM,0,1,Lionel,Messi,SAVIOLA,0,1733218076,20,Mağlubiyet
0xc0ca745a9afd049,True,BAYERN MUNICH,2,3,Erling,Haaland,ALBNIA,0,1733217535,124,Mağlubiyet
0xc0ca745a97df444,True,WWWWWWW,4,3,Jonathan,David,WWWWWWW,0,1733164331,120,Galibiyet
0xc0ca745a97d1464,True,FENERBAHCE,3,4,Erling,Haaland,JORGE JESUS,0,1733163735,120,Mağlubiyet
0xc0ca745a97c8035,True,CIMITILE FC,2,4,Erling,Haaland,MINO,0,1733163338,92,Mağlubiyet
0xc0ca745a97c3504,False,GALATASARAY,0,2,Federico,Valverde,MERT,0,1733163137,39,Mağlubiyet
0xc0ca745a9716b94,False,BARSELONA,0,0,Antonio,Rüdiger,BEKZOD,0,1733155874,16,Beraberlik
0xc0ca745a970b0a6,True,IZSAK,3,2,Kylian,Mbappé,IZSAK,0,1733155370,92,Galibiyet
0xc0ca745a96fcb85,True,GALATASARAY,3,2,Kyle,Walker,OKAN BURUK,0,1733154763,120,Galibiyet
0xc0ca745a96f3e46,False,SENEGAL FC,1,3,Cristiano,Ronaldo,KARA,0,1733154404,86,Mağlubiyet
0xc0ca745a96e5075,False,Dream FC,1,2,Neymar,Santos Júnior,ALB,0,1733153785,121,Mağlubiyet
0xc0ca745a92ae4c8,False,MECH TETNEK,3,2,Kylian,Mbappé,BOUNTA,0,1733083183,93,Galibiyet
0xc0ca745a90236f9,False,MCO OUJDA MOROCCO,2,4,Rúben,Dias,AHMED ROMIRO,0,1733053776,120,Mağlubiyet
0xc0ca745a901bf35,False,Dream FC,1,2,Jules,Koundé,MOHAMED KHDER,0,1733053399,90,Mağlubiyet
0xc0ca745a90144a4,True,DIALLO GYPSO F,2,0,Cristiano,Ronaldo,DIALLO,0,1733053011,90,Galibiyet
0xc0ca745a83917f3,True,REAL MADRID,4,0,Victor,Osimhen,CARLO ANCHELOT,0,1732874010,94,Galibiyet
0xc0ca745a8389477,False,Dream FC,0,2,,Ederson,THE BOSS,0,1732873627,90,Mağlubiyet
0xc0ca745a838106c,False,MSIMBAZI,0,4,Cristiano,Ronaldo,BIRIGETI,0,1732873243,91,Mağlubiyet
0xc0ca745a83793de,False,KRAJINA BOSNE,0,2,Virgil,van Dijk,ALMIR,0,1732872891,91,Mağlubiyet
0xc0ca745a829c480,True,FENERBAHCE,1,0,Victor,Osimhen,HAKAN ,0,1732858274,16,Galibiyet
0xc0ca745a82974c7,False,BARCELONA,1,2,John,Stones,HANSI FLICK,0,1732857885,90,Mağlubiyet
0xc0ca745a80be9e1,False,YUZBASI SK,2,0,Virgil,van Dijk,OMER SAHAN,0,1732825280,90,Galibiyet
0xc0ca745a7f61a37,True,TUZLA SPOR,5,3,Jonathan,David,HUSEYIN,2,1732810070,120,Galibiyet
0xc0ca745a7f5e984,True,TUZLA SPOR,0,0,Virgil,van Dijk,HUSEYIN,2,1732809949,26,Beraberlik
0xc0ca745a7f54c15,True,TUZLA SPOR,3,2,Theo,Hernandez,HUSEYIN,2,1732809562,92,Galibiyet
0xc0ca745a7b7b5cc,True,PANGA FC,2,2,Erling,Haaland,ZIDANE,0,1732749829,93,Beraberlik
0xc0ca745a7b70daf,False,FC GOA,2,3,Victor,Osimhen,SOCCOR,0,1732749292,48,Mağlubiyet
0xc0ca745a7b693f0,True,AC MILAN,2,0,Lois,Openda,DANY,0,1732748909,80,Galibiyet
0xc0ca745a769d0cd,True,TALIBAN,4,2,Victor,Osimhen,TALIBAN,0,1732702125,92,Galibiyet
0xc0ca745a7694479,True,CHELSEA FC,7,0,Victor,Osimhen,ENZO MARESCA,0,1732701702,92,Galibiyet
0xc0ca745a695657a,True,Dream FC,4,3,Jonathan,David,DEVRAN ILAN,0,1732543662,95,Galibiyet
0xc0ca745a6949d02,True,STOKE CITY FC,1,1,Andrew,Robertson,SAUL GREENSMITH,0,1732543246,91,Beraberlik
0xc0ca745a693d813,True,NEO BARCA,2,1,Lionel,Messi,STEPHANE,0,1732542837,91,Galibiyet
0xc0ca745a64dd7c8,True,BESTMAN DESTINY,1,2,Victor,Osimhen,GERMANY,0,1732484813,90,Mağlubiyet
0xc0ca745a64d2157,True,LUIBER FC,3,3,Cristiano,Ronaldo,BERLUI,0,1732484345,93,Beraberlik
0xc0ca745a5c63a0c,True,ZOLA,1,0,Jonathan,David,PEPE,0,1732388731,91,Galibiyet
0xc0ca745a58f8997,True,FENERBAHCE SK,0,1,Lionel,Messi,JOSE MOURINHO,0,1732346973,90,Mağlubiyet
0xc0ca745a57b7dfa,False,FK LOVCEN,2,3,Phil,Foden,PETAR PERISIC,0,1732322316,92,Mağlubiyet
0xc0ca745a568c821,False,TUZLA SPOR,1,2,Victor,Osimhen,HUSEYIN,2,1732307369,95,Mağlubiyet
0xc0ca745a53d94a3,True,TUHIN FC,0,1,Erling,Haaland,ALIL ALIU,0,1732283477,94,Mağlubiyet
0xc0ca745a4f7186a,False,TUZLA SPOR,3,3,Erling,Haaland,HUSEYIN,2,1732224537,121,Beraberlik
0xc0ca745a4ed380e,True,TUZLA SPOR,3,2,Jonathan,David,HUSEYIN,2,1732218602,91,Galibiyet
0xc0ca745a4c323fa,False,FC BRCELONA,1,2,Erling,Haaland,VIGA LIGA,0,1732196748,85,Mağlubiyet
0xc0ca745a473faf9,True,Dream FC,2,1,Virgil,van Dijk,RUZGOOO,0,1732133534,91,Galibiyet
0xc0ca745a46a806f,False,YONGLEE61,3,0,Victor,Osimhen,KRAL,0,1732128630,81,Galibiyet
0xc0ca745a46995b0,False,FENERBAHCE,2,3,Andrew,Robertson,ALEX DE SOUZA,0,1732128183,93,Mağlubiyet
0xc0ca745a45ab8d1,False,TUZLA SPOR,2,1,Erling,Haaland,HUSEYIN,2,1732121145,92,Galibiyet
0xc0ca745a45a9a6b,True,LIVERPOOL FC,0,1,Rafael,Leão,TELEGRAM  PLUGQ,0,1732121090,5,Mağlubiyet
0xc0ca745a425164a,True,MANCHESTER CITY,3,3,Jonathan,David,DIOR,0,1732089959,93,Beraberlik
0xc0ca745a3fa8fb1,False,FENERBAHCE,3,3,Cristiano,Ronaldo,MERT KENAN,0,1732051248,91,Beraberlik
0xc0ca745a3c9123c,True,ZUGDIDI,2,1,Jonathan,David,SHAKO,0,1732026700,92,Galibiyet
0xc0ca745a3b26063,False,SPORT FC,0,1,Mohamed,Salah,ZEYN ELDENZIDANE,0,1732011503,93,Mağlubiyet
0xc0ca745a3b1eedc,False,SOFTWARE FC,0,1,Rúben,Dias,GUODIOLA,0,1732011098,93,Mağlubiyet
0xc0ca745a3b18079,True,TUZLASPOR,2,2,Victor,Osimhen,CNK TULU,0,1732010691,91,Beraberlik
0xc0ca745a3b14d62,True,REAL MADRID,2,0,Mohamed,Salah,ZINEDINE ZIDANE,0,1732010500,45,Galibiyet
0xc0ca745a38aec3d,False,Dream FC,2,0,Rúben,Dias,BENAW,0,1731965970,92,Galibiyet
0xc0ca745a37cbb6c,False,YUREKLISPOR,1,3,Jonathan,David,ERKAN,0,1731955558,91,Mağlubiyet
0xc0ca745a37bfc9f,False,RUSSKIE VPERED,1,8,Cristiano,Ronaldo,RUS,0,1731955090,93,Mağlubiyet
0xc0ca745a37b37ab,True,ALPEREN,2,1,Cristiano,Ronaldo,ALPEREN,0,1731954611,93,Galibiyet
0xc0ca745a37a8ae0,False,VAN SPOR,1,1,Raphaël,Varane,MANAGER,0,1731954190,90,Beraberlik
0xc0ca745a3612a13,False,998909318552,2,3,Antoine,Griezmann,998909318552,0,1731938235,92,Mağlubiyet
0xc0ca745a360dc24,False,FC ESPOIR,0,3,Cristiano,Ronaldo,UNAI EMERY,0,1731938023,45,Mağlubiyet
0xc0ca745a31ff306,False,ERIC AGYARKO FC,2,4,Antoine,Griezmann,ERIE,0,1731874232,91,Mağlubiyet
0xc0ca745a31f20e3,True,REAL MADRID,3,2,Jonathan,David,KONATE,0,1731873790,95,Galibiyet
0xc0ca745a31e51da,True,TOYMEN,2,2,Brice,Samba,HUSEYIN,0,1731873351,93,Beraberlik
0xc0ca745a301e76b,False,EH ACADEMY,3,2,Erling,Haaland,ELSI,0,1731859472,91,Galibiyet
0xc0ca745a300f20a,False,MANCHESTER CITY,3,4,Jonathan,David,PEP GUARDIOLA,0,1731859030,91,Mağlubiyet
0xc0ca745a3001971,True,GFB,0,2,Éder,Militão,AL,0,1731858637,91,Mağlubiyet
0xc0ca745a2ff6014,False,DAVID,1,3,Jonathan,David,ALAYO,0,1731858302,77,Mağlubiyet
0xc0ca745a2e16d5f,False,ALVAR SPOR,1,4,Vinícius,Júnior,ZENCI,0,1731842744,83,Mağlubiyet
0xc0ca745a223a111,False,NAPOLI,0,4,Victor,Osimhen,BOBI,1350,1731705867,66,Mağlubiyet
0xc0ca745a2231562,False,I MILAN,2,0,Lautaro,Martínez,MORHINO,1350,1731705512,93,Galibiyet
0xc0ca745a2228430,True,A MILAN,0,1,Theo,Hernandez,ABIDJAN,1350,1731705154,93,Mağlubiyet
0xc0ca745a21b13d0,True,TUZLA SPOR,1,4,Erling,Haaland,HUSEYIN,2,1731700805,90,Mağlubiyet
0xc0ca745a15a6e4e,True,J TURIN,2,0,Gleison,Bremer,RUBEN AMORIM,1350,1731592357,91,Galibiyet
0xc0ca745a1599499,True,J TURIN,2,4,Arkadiusz,Milik,ABR,1350,1731591977,85,Mağlubiyet
0xc0ca745a1578311,False,I MILAN,1,2,Gleison,Bremer,PASTORALKING,1350,1731591041,94,Mağlubiyet
0xc0ca745a1571624,True,Dream FC,1,0,Cristiano,Ronaldo,HFLIK,0,1731590845,20,Galibiyet
0xc0ca745a1047846,True,TUZLA SPOR,1,5,Erling,Haaland,HUSEYIN,2,1731519525,94,Mağlubiyet
0xc0ca745a103e94b,False,TUZLA SPOR,1,2,Min-Jae,Kim,HUSEYIN,2,1731519153,91,Mağlubiyet
0xc0ca745a0dab12b,True,GENOA 1893,2,2,Federico,Valverde,MAX,0,1731486970,91,Beraberlik
0xc0ca745a0da4375,False,NEYMAR,1,0,,Alisson,NEYMAR,0,1731486500,92,Galibiyet
0xc0ca745a0b9e011,False,Dream FC,0,0,Ferland,Mendy,FEYZULLAH,0,1731448855,16,Beraberlik
0xc0ca745a0b91f8f,True,GALATASARAY,3,2,Federico,Valverde,OKAN BURUK,0,1731448340,92,Galibiyet
0xc0ca745a0b854ae,True,CLUB AFRICAIN PALESTINE,3,1,Jonathan,David,CHEDLI,0,1731447809,94,Galibiyet
0xc0ca745a0b7af98,False,REAL MADRID,1,3,Jonathan,David,L'ANFANT NOIR,0,1731447385,84,Mağlubiyet
0xc0ca745a0b71621,True,Dream FC,2,2,Kylian,Mbappé,MANAGER,0,1731446996,91,Beraberlik
0xc0ca745a031988d,True,TUZLA SPOR,2,3,Min-Jae,Kim,HUSEYIN,2,1731356874,91,Mağlubiyet
0xc0ca745a030f8fa,False,TUZLA SPOR,0,3,Jonathan,David,HUSEYIN,2,1731356542,91,Mağlubiyet
0xc0ca745a011f846,False,PAXTAKOR,1,4,Cristiano,Ronaldo,MANAGER,0,1731341993,92,Mağlubiyet
0xc0ca745a008f589,False,TUZLA SPOR,2,1,Virgil,van Dijk,HUSEYIN,2,1731337924,124,Galibiyet
0xb5f26e1600323bc,True,Dream FC,2,1,Jonathan,David,ABZO,0,1731322797,91,Galibiyet
0xb5f26e16002d6ed,True,JORDAN,4,0,Virgil,van Dijk,MOATH,0,1731322578,48,Galibiyet
0xb5f26e16002367a,True,M  L,3,2,Cristiano,Ronaldo,MANAGER,0,1731322159,90,Galibiyet
0xb5f26e160021db5,True,CITTY,0,0,Kevin,De Bruyne,TOP MANAGER,0,1731322085,15,Beraberlik
0xe59c1b8f04d675ec,False,MIND FC,1,0,Erling,Haaland,HURRICANE,0,1731320274,91,Galibiyet
0xe59c1b8f04a9a7d6,True,TUZLA SPOR,3,2,Cristiano,Ronaldo,HUSEYIN,2,1731278370,91,Galibiyet
0xe59c1b8f04a90a9b,False,FCSB,1,2,Federico,Valverde,MICHEL,0,1731277910,90,Mağlubiyet
0xe59c1b8f04a8530c,False,MAROOOOOO,3,4,Antoine,Griezmann,MIMOO,0,1731277398,94,Mağlubiyet
0xe59c1b8f04a7cc69,False,Dream FC,1,1,Virgil,van Dijk,DESABRE,0,1731277021,92,Beraberlik
0xe59c1b8f04a758b4,True,TRABZONSPOR,0,2,Antoine,Griezmann,MANAGERDFGF,0,1731276699,91,Mağlubiyet
0xe59c1b8f04a6c405,True,BARCA,2,3,Neymar,Santos Júnior,ALIEV MAGOMED,0,1731276294,97,Mağlubiyet
0xe59c1b8f047b0091,True,BARCELONA,2,2,Jonathan,David,BAXTIYOR,0,1731253577,90,Beraberlik
0xe59c1b8f045a9a73,True,Dream FC,3,2,Vinícius,Júnior,VAN BRONCHORST,0,1731238271,92,Galibiyet
0xe59c1b8f0459c53e,True,DARK,3,2,Jonathan,David,ALAZ,0,1731237840,92,Galibiyet
0xe59c1b8f0458f0f5,False,HALA MADRID,2,2,Rafael,Leão,ZIDEN,0,1731237388,93,Beraberlik
0xe59c1b8f04582310,False,ROSCO FC,0,6,Jonathan,David,LATMAN,0,1731236972,91,Mağlubiyet
0xe59c1b8f04184457,True,URL HTTPSIIMGURCOMODYZGBQ,2,3,Neymar,Santos Júnior,MANAGER,0,1731191850,93,Mağlubiyet
0xe59c1b8f041781d7,False,REAL MADRID,0,1,John,Stones,ZIZO,0,1731191392,93,Mağlubiyet
0xe59c1b8f0416f5bd,True,KING JOE FC,2,1,Harry,Kane,GREGOR,0,1731191043,90,Galibiyet
0xe59c1b8f03ebf0cf,True,MANCHESTER C,3,1,Nicolas,Jackson,EMIRALI,1349,1731171388,54,Galibiyet
0xe59c1b8f03ea8f29,False,BARSILONA,1,2,Andrew,Robertson,KOLG,0,1731170873,94,Mağlubiyet
0xe59c1b8f03e9804f,True,REAL MADRID,1,2,Erling,Haaland,ERDEN,0,1731170475,92,Mağlubiyet
0xe59c1b8f03d4f63b,True,EGY,1,2,Cristiano,Ronaldo,MMOMO,0,1731161799,91,Mağlubiyet
0xe59c1b8f03d47324,False,MIMO,1,2,Mohamed,Salah,MIMO,0,1731161431,91,Mağlubiyet
0xe59c1b8f03c01e1c,True,ALBANIA,2,1,Vinícius,Júnior,MANAGER,0,1731145097,92,Galibiyet
0xe59c1b8f03c00505,False,RYAL MADRID,0,1,Mohamed,Salah,ISSAM,0,1731145011,18,Mağlubiyet
0xe59c1b8f03b87ca2,False,CHELSEA FOOTBALL CLUB,2,2,Virgil,van Dijk,COACH OSMAN,0,1731137603,92,Beraberlik
0xe59c1b8f039dbc57,True,PLN,3,3,Robert,Lewandowski,SZYMI,0,1731105674,93,Beraberlik
0xe59c1b8f039d6425,False,RHEMZY FC,1,4,Cristiano,Ronaldo,RHEMZY,0,1731105339,83,Mağlubiyet
0xe59c1b8f03912ac2,True,AHMED,1,1,Jonathan,David,AHMED,0,1731095116,92,Beraberlik
0xe59c1b8f037ee60c,True,GALATASARAY FC,1,1,,Alisson,OMER POLAT,0,1731082391,94,Beraberlik
0xe59c1b8f036bcb57,True,TUZLA SPOR,1,4,Kylian,Mbappé,HUSEYIN,2,1731069930,91,Mağlubiyet
0xe59c1b8f0356de6f,True,QQQQQQQQQ,0,2,Virgil,van Dijk,MESSI,0,1731052234,92,Mağlubiyet
0xe59c1b8f033bafd5,False,TUZLA SPOR,3,4,Cristiano,Ronaldo,HUSEYIN,2,1731020355,93,Mağlubiyet
0xe59c1b8f0334e05c,True,TUZLA SPOR,2,0,Cristiano,Ronaldo,HUSEYIN,2,1731015005,91,Galibiyet
0xe59c1b8f0334c5e2,True,TUZLA SPOR,0,0,Rúben,Dias,HUSEYIN,2,1731014928,13,Beraberlik
0xe59c1b8f03258691,False,1 FC DRUMPY,3,3,Vinícius,Júnior,SIR EISENHERZ,0,1731004952,91,Beraberlik
0xe59c1b8f030ec35e,False,Dream FC,2,3,Romelu,Lukaku,AMARA,0,1730992085,96,Mağlubiyet
0xe59c1b8f02f93f9d,True,RCA,2,2,Rúben,Dias,RAFIK ETTOUATY,0,1730978665,93,Beraberlik
0xe59c1b8f02f8a871,True,ZACKVINGA,3,1,Virgil,van Dijk,ZACK KING ,0,1730978235,94,Galibiyet
0xe59c1b8f02f81a27,False,ZENIT,2,2,Federico,Valverde,CIMAK,0,1730977828,92,Beraberlik
0xe59c1b8f02f286af,True,THE BLOODLINE,1,1,Rodrygo,Goes,RAKIP,0,1730973567,90,Beraberlik
0xe59c1b8f02cd5fce,False,BELLELOO,0,0,,Ederson,ELIAS EL HELOU,0,1730936230,90,Beraberlik
0xe59c1b8f02ccf904,False,VINCIO F C,4,1,Erling,Haaland,ALE,0,1730935855,93,Galibiyet
0xe59c1b8f02cc8eba,True,Dream FC,2,2,Erling,Haaland,MOHAMED MOHSEN,0,1730935469,92,Beraberlik
0xe59c1b8f02a631f7,True,TUZLA SPOR,1,2,Kevin,De Bruyne,HUSEYIN,2,1730909661,91,Mağlubiyet
0xe59c1b8f02a51103,True,TUZLA SPOR,3,2,Cristiano,Ronaldo,HUSEYIN,2,1730909035,92,Galibiyet
0xe59c1b8f02a44a0b,True,TUZLA SPOR,3,1,Jude,Bellingham,HUSEYIN,2,1730908602,92,Galibiyet
0xe59c1b8f029796c6,False,DON8,1,1,Antonio,Rüdiger,LUXAS,0,1730901477,92,Beraberlik
0xe59c1b8f0296dc36,True,EMPOR ROSTOCK 54,0,2,Virgil,van Dijk,OVERUS,0,1730901034,91,Mağlubiyet
0xe59c1b8f0283cffa,False,ERZINCAN,1,3,Jonathan,David,MISIDOO,0,1730887646,91,Mağlubiyet
0xe59c1b8f02835b1f,False,GALATASARAY,0,1,Jonathan,David,BABA ADEM,0,1730887277,91,Mağlubiyet
0xe59c1b8f0282d921,False,ISTANBULSPOR,6,3,Kylian,Mbappé,ENGIN,0,1730886864,82,Galibiyet
0xe59c1b8f022dda51,False,FENERBAHCE,1,0,Min-Jae,Kim,VOLKAN DEMREL,0,1730817830,91,Galibiyet
0xe59c1b8f022653b8,False,UZBEKISTAN,4,3,Erling,Haaland,AZIZBEK 2008,0,1730813573,94,Galibiyet
0xe59c1b8f02192801,False,ALAGHIE KEBBA BAH,0,0,Virgil,van Dijk,OMAR BAH ,0,1730804967,93,Beraberlik
0xe59c1b8f021884d3,True,TRABZONSPOR,1,2,Federico,Valverde,DARBELI MAKKAP,0,1730804508,91,Mağlubiyet
0xe59c1b8f0217d84b,False,Dream FC,3,3,Erling,Haaland,CONSTANTIN,0,1730804023,95,Beraberlik
0xe59c1b8f016fe642,False,Dream FC,1,2,Cristiano,Ronaldo,RECEP,0,1730664225,92,Mağlubiyet
0xe59c1b8f016f1df1,False,JONDOR FC,0,1,Jonathan,David,ABBOS SAID,0,1730663666,92,Mağlubiyet
0xe59c1b8f016ede9e,True,EMMYTOP,1,0,Jonathan,David,ARTETA,0,1730663493,39,Galibiyet
0xe59c1b8f016e3e48,True,KHALIFA,2,3,Vinícius,Júnior,RAKIP,0,1730663050,92,Mağlubiyet
0xe59c1b8f016dbd7a,True,GALATASARAY,0,1,,Alisson,DC ALAHSIZ,0,1730662695,92,Mağlubiyet
0xe59c1b8f016d047d,True,Dream FC,3,0,Mohamed,Salah,SLM,0,1730662190,91,Galibiyet
0xe59c1b8f016c5c28,True,EL SOBKY,4,2,Alexandre,Lacazette,MOSTAFA,0,1730661731,92,Galibiyet
0xe59c1b8f016bb332,True,REAL MADRID,3,2,Vinícius,Júnior,JAVLONBEK,0,1730661266,92,Galibiyet
0xe59c1b8f0109e635,True,BARCELONA,1,2,John,Stones,NASIR,0,1730576999,92,Mağlubiyet
0xe59c1b8f01094cb1,False,SPORTING,0,2,John,Stones,RUBEN AMORI,0,1730576648,82,Mağlubiyet
0xe59c1b8f0108d374,False,OLUMPIAKOS,0,3,Cristiano,Ronaldo,MENTILIPAR ,0,1730576372,58,Mağlubiyet
0xe59c1b8f01080d50,False,FC GRAAL,0,2,Federico,Valverde,TSHOUPO NITEHP,0,1730575919,92,Mağlubiyet
0xe59c1b8f00ef5996,True,Dream FC,1,1,Erling,Haaland,MANAGER,0,1730562203,93,Beraberlik
0xe59c1b8f00ef43a9,False,REAL MADRID,0,0,Federico,Valverde,ANCHELOTI,0,1730562153,6,Beraberlik
0xe59c1b8f00ef1e2e,True,SIROJ,0,0,Virgil,van Dijk,RANOLDO,0,1730562069,15,Beraberlik
0xe59c1b8f00ee33fd,False,JAKOB,5,2,Romelu,Lukaku,BOUBAKAR,0,1730561553,94,Galibiyet
0xe59c1b8f00e14b42,True,GALATASARAY,3,2,Robert,Lewandowski,CLF,0,1730554064,91,Galibiyet
0xe59c1b8f00e0eb30,False,FC BAYREN MUNICC,0,1,Federico,Valverde,RAKIP,0,1730553836,46,Mağlubiyet
0xe59c1b8f00e03960,False,GALACTIQUES RMD,3,2,Mohamed,Salah,SJM,0,1730553403,91,Galibiyet
0xe59c1b8f00df7c5b,True,FC METZ,3,3,Antoine,Griezmann,LEO,0,1730552918,96,Beraberlik
0xe59c1b8f00c9bc36,False,GALATASARAY,0,2,Virgil,van Dijk,OKAN BURUK,0,1730537451,71,Mağlubiyet
0xe59c1b8f00c960dd,False,REAL MADRID,0,3,Jonathan,David,CHRISTIAN,0,1730537156,69,Mağlubiyet
0xe59c1b8f008adaa3,False,LOMI,1,5,Victor,Osimhen,MOURINHO,0,1730484332,93,Mağlubiyet
0xe59c1b8f0024906f,False,BOZKURT,3,3,Lois,Openda,YUNUS TOPUZ,0,1730408954,93,Beraberlik
0xe59c1b8f000ef1fb,False,REAL MADRID,2,1,Nicolò,Barella,RAKETA,0,1730396366,97,Galibiyet
0xe59c1b8f000e3d00,False,BARSELONA,3,3,Cristiano,Ronaldo,HASANBOY,0,1730395994,90,Beraberlik
0xe59c1b8f000d83da,True,TAJIKISTAN,1,2,Cristiano,Ronaldo,MAVLONJON,0,1730395613,91,Mağlubiyet
0xa086f88ba3ead566,True,ALGERIE,1,3,Antoine,Griezmann,DJAMEL BELMADI,0,1730387337,81,Mağlubiyet
0xa086f88ba3ea71cf,False,BOPPMANNSCHAFT,0,1,Mohamed,Salah,MR B,0,1730387121,45,Mağlubiyet
0xa086f88ba3e04b3f,True,GALATASARAY,1,0,Federico,Valverde,MEHMET SALIH,0,1730381436,45,Galibiyet
0xa086f88ba3df9ef0,True,RMA,1,5,Vinícius,Júnior,ANCHILOTTI,0,1730381042,62,Mağlubiyet
0xa086f88ba3dedbba,False,TESKILATSPOR,2,3,Vinícius,Júnior,HALIT,0,1730380589,92,Mağlubiyet
0xa086f88ba3c0ee43,False,REAL MADRID,3,2,Cristiano,Ronaldo,RRUSTEMI,0,1730358914,91,Galibiyet
0xa086f88ba3c07f64,True,QARABAG,3,3,Erling,Haaland,QURBAN QURBANOV,0,1730358521,91,Beraberlik
0xa086f88ba3c00d61,True,Dream FC,3,1,Vinícius,Júnior,SERGIO,0,1730358108,94,Galibiyet
0xa086f88ba3bf9aa1,False,422,3,0,Heung-min,Son,18,0,1730357701,91,Galibiyet
0xa086f88ba35dfb32,True,VISIT UGANDA - AFRICA,1,0,Vinícius,Júnior,GEOFFREY,0,1730289090,90,Galibiyet
0xa086f88ba35d4e3c,True,BJK,2,0,Rúben,Dias,KUNA VEGO,0,1730288694,91,Galibiyet
0xa086f88ba326cedb,False,TUNISIEN DERBALI CLUB,3,0,Darwin,Núñez,FAOUZI BENZARTI,0,1730233400,70,Galibiyet
0xa086f88ba3266d54,True,THE WINNERS,0,2,Erling,Haaland,JOHN WINNER,0,1730233108,64,Mağlubiyet
0xa086f88ba325c963,True,TRABZONSPOR,4,2,Vinícius,Júnior,SENOL GUNES,0,1730232628,93,Galibiyet
0xa086f88ba2fe2594,True,VISIT TANZANIA,3,2,Vinícius,Júnior,ISBERT,0,1730206091,77,Galibiyet
0xa086f88ba2fd5a9c,False,Dream FC,3,2,Alexis,Sànchez,ALE T,0,1730205498,93,Galibiyet
0xa086f88ba2fccb86,True,AL HILAL,2,2,Erling,Haaland,DESMOND,0,1730205070,91,Beraberlik
0xa086f88ba2fc2e01,False,BAYERN,3,4,Cristiano,Ronaldo,CARLO ANCELOTTI,0,1730204594,96,Mağlubiyet
0xa086f88ba2fba2fa,True,Dream FC,2,3,Jude,Bellingham,ESLAM,0,1730204173,92,Mağlubiyet
0xa086f88ba2fb4df0,False,Dream FC,0,1,Vinícius,Júnior,MOHAMED,0,1730203912,44,Mağlubiyet
0xa086f88ba2c750fc,False,Dream FC,2,2,Victor,Osimhen,VLADIOLA,0,1730147140,124,Beraberlik
0xa086f88ba2c6cecc,True,TRN SPORTS,0,1,Min-Jae,Kim,TARANA,0,1730146732,91,Mağlubiyet
0xa086f88ba2bfa58e,False,MAROUCCO,1,2,Vinícius,Júnior,MANAGER,0,1730141363,93,Mağlubiyet
0xa086f88ba2bf0c47,True,CREDERE SC,3,1,Vinícius,Júnior,BOSS REUBEN,0,1730140938,92,Galibiyet
0xa086f88ba2be1a6e,True,WARREN DINO CLUB,1,1,Domenico,Berardi,PEP GARDIOLAR,0,1730140271,120,Beraberlik
0xa086f88ba29e10e7,True,SARQAAWI,2,1,Jonathan,David,MUSCAB,0,1730118137,91,Galibiyet
0xa086f88ba235175a,True,Dream FC,2,1,John,Stones,RTE,0,1730019423,92,Galibiyet
0xa086f88ba20feec6,False,GALATASARAY,2,2,Vinícius,Júnior,HASAN MERT,0,1729976132,123,Beraberlik
0xa086f88ba20f53d7,False,Dream FC,3,3,John,Stones,ZINEDINE ZIDANE,0,1729975337,120,Beraberlik
0xa086f88ba20d0599,False,REAL PARIS,3,0,Vinícius,Júnior,TAMILANDA,0,1729972714,79,Galibiyet
0xa086f88ba1f06a4b,True,APOLONIA,1,2,Lautaro,Martínez,APOLONIA,0,1729951800,93,Mağlubiyet
0xa086f88ba1efeb1b,True,REAL GROTTOLELLA,2,5,Mohamed,Salah,ANTONIO MAGLIO,0,1729951435,78,Mağlubiyet
0xa086f88ba1e8193e,False,REAL MADRID,1,0,Antonio,Rüdiger,NAREK,0,1729945481,92,Galibiyet
0xa086f88ba1e6c3b2,True,HASAN GABAREWO,3,4,Pierre-Emerick,Aubameyang,MANAGERSS,0,1729944419,91,Mağlubiyet
0xa086f88ba1e5e45d,False,THE GOAT,1,0,Thibaut,Courtois,BLACKI,0,1729943695,92,Galibiyet
0xa086f88ba1e596f8,True,FREE OF PALESTEIN,4,1,Dominik,Szoboszlai,ALY,0,1729943440,48,Galibiyet
0xa086f88ba1bcc44b,True,MOROCCO,4,3,Cristiano,Ronaldo,WALID REGRAGUI,0,1729897125,92,Galibiyet
0xa086f88ba1bc6886,True,WAC,3,1,Vinícius,Júnior,RACHID,0,1729896737,92,Galibiyet
0xa086f88ba1b16e71,False,BRANDOLA,0,2,John,Stones,CASOLARI,0,1729886838,92,Mağlubiyet
0xa086f88ba1b0cc77,True,PABLO NOT ESCOBA,2,1,Kylian,Mbappé,IKEM,0,1729886350,92,Galibiyet
0xa086f88ba1b04318,False,BERKKAN,2,3,Cristiano,Ronaldo,BERKKAN,0,1729885942,92,Mağlubiyet
0xa086f88ba1aff553,False,ANTON,0,3,Vinícius,Júnior,TALENT,0,1729885713,54,Mağlubiyet
0xa086f88ba1af764d,False,ARSENAL,1,3,Cristiano,Ronaldo,TROSSAD,0,1729885339,93,Mağlubiyet
0xa086f88ba1aebc76,True,FC BARCELONA,1,1,Cristiano,Ronaldo,AMAR OSIM,1346,1729884798,31,Beraberlik
0xa086f88ba191197c,False,FC BAYERN,3,1,Lorenzo,Insigne,MAX,0,1729865440,90,Galibiyet
0xa086f88ba1813d30,True,MAROC FC,0,0,,Alisson,HAMZA KING,0,1729854160,16,Beraberlik
0xa086f88ba147de58,True,Dream FC,3,4,Nico,Williams,OSMAN ODABA,0,1729790474,96,Mağlubiyet
0xa086f88ba1475082,False,GALATASARAY,1,3,Federico,Valverde,OKAN BURUK,0,1729790035,90,Mağlubiyet
0xa086f88ba146f09f,True,BOUNTY,3,0,Cristiano,Ronaldo,BOBB,0,1729789738,73,Galibiyet
0xa086f88ba144bdd7,True,ARSEEE,3,2,Vinícius,Júnior,ARTETA,0,1729788067,92,Galibiyet
0xa086f88ba1442089,False,KAZAKZHSTAN FK,2,3,Vinícius,Júnior,KOLKANAT,0,1729787624,94,Mağlubiyet
0xa086f88ba14381f6,False,FENERBAHCE,3,1,Erling,Haaland,FIRAT ARIKBAS,0,1729787183,93,Galibiyet
0xa086f88ba1433817,True,FC SHETPE,0,4,Mohamed,Salah,SERGEY NAZAROV,0,1729786976,45,Mağlubiyet
0xa086f88ba142ae2f,False,GALATASARAY,2,1,Luka,Modrić,MANAGER,0,1729786591,91,Galibiyet
0xa086f88ba137fb44,False,TUZLA SPOR,3,3,Harry,Kane,HUSEYIN,2,1729778833,121,Beraberlik
0xa086f88ba11e7254,False,REAL MADRID,0,2,Vinícius,Júnior,ZIDANE,0,1729754073,89,Mağlubiyet
0xa086f88ba11e1faf,False,MAZANDARAN,0,2,Cristiano,Ronaldo,MASHHADBAN,0,1729753667,92,Mağlubiyet
0xa086f88ba11dd907,True,YAYKIN SPOR,4,0,Vinícius,Júnior,SERGEN YALCIN,0,1729753321,67,Galibiyet
0xa086f88ba11d8620,True,GALATASARAYY,3,1,Vinícius,Júnior,FATIH TERIM,0,1729752907,93,Galibiyet
0xa086f88ba11d31e6,True,RALE MADRID ERITREAN AFRICKA,3,6,Kylian,Mbappé,MANAGER,0,1729752486,83,Mağlubiyet
0xa086f88ba0fabea4,False,MANCHESTER CITY,2,3,Vinícius,Júnior,MANAGER YOUTH,0,1729711038,94,Mağlubiyet
0xa086f88ba0fa5724,False,IRAN FC,1,2,Vinícius,Júnior,SAIED,0,1729710648,93,Mağlubiyet
0xa086f88ba0f9d82c,False,Dream FC,2,4,Cristiano,Ronaldo,JURA,0,1729710185,91,Mağlubiyet
0xa086f88ba0f97546,True,Dream FC,1,0,Cristiano,Ronaldo,THE BIG BIRD,0,1729709860,93,Galibiyet
0xa086f88ba0f92e2e,False,EGELI,1,4,Cristiano,Ronaldo,LEONIS,0,1729709647,47,Mağlubiyet
0xa086f88ba0a4b647,True,FKIH BEN SALAH,1,2,Hakim,Ziyech,YOUSSEF,0,1729626436,91,Mağlubiyet
0xa086f88ba09acd73,False,GALATASARAY,4,3,Erling,Haaland,OKAN BURUK,0,1729618571,120,Galibiyet
0xa086f88ba099f110,False,FC SARAJEVO,3,3,Marcus,Thuram,RUSTEM,0,1729617929,120,Beraberlik
0xa086f88ba03c86ac,False,FENERBAHCE,3,4,Robert,Lewandowski,REFIK,0,1729529287,100,Mağlubiyet
0xa086f88ba0306b09,False,GUERREROS FC,2,2,,Ederson,GUERRERO,0,1729520961,124,Beraberlik
0xa086f88ba02f4b42,True,REAL MADRID,2,1,Luka,Modrić,JASUR,1345,1729520169,120,Galibiyet
0xa086f88ba02eba2f,True,AS COMCOM,3,2,Vinícius,Júnior,FUZZ,1345,1729519763,93,Galibiyet
0xa086f88ba02e20d2,False,ZMELK,2,3,Kylian,Mbappé,MHEMP,1345,1729519335,92,Mağlubiyet
0xa086f88ba02e0c11,True,MAN CITY,0,0,Mohamed,Salah,GARDIOLA,1345,1729519276,3,Beraberlik
0xa086f88ba01fd692,True,ULTIMATE FC,3,4,Erling,Haaland,CHIBUZOR OKORO,0,1729507383,94,Mağlubiyet
0xa086f88ba01f3727,True,Dream FC,2,1,Mohamed,Salah,MANAGER,0,1729506784,121,Galibiyet
0xa086f88ba01edb7f,True,KOSTOV,0,2,Vinícius,Júnior,KIKO,0,1729506432,76,Mağlubiyet
0xa086f88ba01e4558,True,JUVENTUS,3,6,Erling,Haaland,ERFLOWA,0,1729505855,110,Mağlubiyet
0xa086f88ba01dd893,True,GALATASARAY SK,1,2,Rúben,Dias,JOSEF,0,1729505433,91,Mağlubiyet
0xa086f88ba01d745e,True,IMAN,3,2,Victor,Osimhen,IMAN,0,1729505040,93,Galibiyet
0xa086f88b9fffe5e1,True,ESPRONS SPORTIVE DES TUNIS,2,2,Victor,Osimhen,LOUHICHI AMINE,0,1729465773,114,Beraberlik
0xa086f88b9fff997d,True,ALBANIA,0,1,Jude,Bellingham,ALBANIA,0,1729465427,92,Mağlubiyet
0xa086f88b9ffef415,True,ASC DEUKEUNDO,2,2,Andrew,Robertson,ABLAYE  BOYE,0,1729464709,120,Beraberlik
0xa086f88b9fe61d63,True,UTOPIA,3,1,Jonathan,David,UNKNOWN,0,1729445131,76,Galibiyet
0xa086f88b9fe5558b,False,MOROCCO,3,2,Andrew,Robertson,LYAMANI,0,1729444589,117,Galibiyet
0xa086f88b9fc81c2b,False,Dream FC,1,0,Antonio,Rüdiger,PEP GUARDIOLA,0,1729425916,94,Galibiyet
0xa086f88b9fc794da,True,O O O,2,4,Kylian,Mbappé,A A A,0,1729425491,93,Mağlubiyet
0xa086f88b9f77f4c5,True,ABNALDER,2,1,Rúben,Dias,ABU NAJIM,0,1729347742,91,Galibiyet
0xa086f88b9f773a45,True,NEJMEH CLUB,3,2,Vinícius,Júnior,MOHAMAD ALI,0,1729347158,120,Galibiyet
0xa086f88b9f768672,True,AGGFK,1,1,Lionel,Messi,ASD,0,1729346595,120,Beraberlik
0xa086f88b9f5c2409,True,GALATASARAY,2,1,Vinícius,Júnior,RAKIP,0,1729322701,92,Galibiyet
0xa086f88b9ea53906,True,Dream FC,3,4,Erling,Haaland,UMUT KALELI,0,1729167278,94,Mağlubiyet
0xa086f88b9ea496d9,True,GD BELLANOCHE,6,4,Cristiano,Ronaldo,LIMA,0,1729166832,92,Galibiyet
0xa086f88b9e548aef,False,UZB VOLK,3,3,Cristiano,Ronaldo,MIRKOMILBEK UZB,0,1729099250,94,Beraberlik
0xa086f88b9e53f76b,True,Dream FC,2,0,Cristiano,Ronaldo,MANAGER,0,1729098934,73,Galibiyet
0xa086f88b9e3ceb0c,False,FC BAYERN MUNCHEN,2,1,Cristiano,Ronaldo,ERDUAN,0,1729086091,94,Galibiyet
0xa086f88b9e3c41b1,False,FC AFGHAN HAZARA,0,1,Marc-Andre,Ter Stegen,MOHAMMAD,0,1729085684,93,Mağlubiyet
0xa086f88b9e3bdd6b,True,MOROCOO,0,2,Cristiano,Ronaldo,WALID REGRAGUI,0,1729085438,53,Mağlubiyet
0xa086f88b9de9d9db,True,BEITAR J FC,2,2,Vinícius,Júnior,ORI ABU,0,1729014780,91,Beraberlik
0xa086f88b9de92fb7,True,FC NASAF,4,1,Dominik,Szoboszlai,SUHROB,0,1729014389,93,Galibiyet
0xa086f88b9dd8cc24,True,30MDA,5,1,Vinícius,Júnior,AHMED FALESTINY,0,1729005315,83,Galibiyet
0xa086f88b9dd6b1c6,False,TUZLA SPOR,0,3,Vinícius,Júnior,HUSEYIN,2,1729004166,92,Mağlubiyet
0xa086f88b9dd6003c,False,TUZLA SPOR,0,3,Cristiano,Ronaldo,HUSEYIN,2,1729003788,92,Mağlubiyet
0xa086f88b9dd54468,False,TUZLA SPOR,2,1,Erling,Haaland,HUSEYIN,2,1729003372,92,Galibiyet
0xa086f88b9dd495e0,False,TUZLA SPOR,3,2,Cristiano,Ronaldo,HUSEYIN,2,1729002982,92,Galibiyet
0xa086f88b9dce28d2,False,Dream FC,1,1,Antonio,Rüdiger,HUSEYIN YUCEL,0,1728999138,72,Beraberlik
0xa086f88b9db4ebc9,False,GALATASARAY,1,2,Kylian,Mbappé,FATIH TERIM,0,1728980719,93,Mağlubiyet
0xa086f88b9db46d4f,False,MANCHESTER CITY,0,0,,Ederson,DOMINATE,0,1728980262,96,Beraberlik
0xa086f88b9db38873,True,DEVATA,4,1,Andrew,Robertson,KLOOP,0,1728979426,92,Galibiyet
0xa086f88b9db2f9db,True,ETHIOPIAN LIVERPOOL,3,2,Lionel,Messi,AMUKI,0,1728978897,94,Galibiyet
0xa086f88b9db28c4a,True,BARSELONA,3,0,Victor,Osimhen,SANJAR,0,1728978488,90,Galibiyet
0xa086f88b9db208f9,True,HAKU F C,4,3,Cristiano,Ronaldo,SALAH,0,1728977994,91,Galibiyet
0xa086f88b9db19778,True,Dream FC,2,1,Virgil,van Dijk,SCALONI,0,1728977559,97,Galibiyet
0xa086f88b9d79f51b,True,REAL MADRID,1,3,Kevin,De Bruyne,RAFIK,0,1728930636,93,Mağlubiyet
0xa086f88b9d678b5b,True,GALATASARAY,2,1,Cristiano,Ronaldo,ALI HAYDAR,0,1728921653,92,Galibiyet
0xa086f88b9d6769ae,False,FENERBAHCE,0,1,Cristiano,Ronaldo,UGUR,0,1728921594,9,Mağlubiyet
0xa086f88b9d6693e9,True,KARBALA,3,2,Andrew,Robertson,ALI,0,1728921194,91,Galibiyet
0xa086f88b9d65b83f,False,LIVERPOOL,2,1,Diogo,Jota,ARNE SLOT,0,1728920784,92,Galibiyet
0xa086f88b9d65631a,True,METALLIST FC,3,0,Jonathan,David,PETROVICH,0,1728920629,24,Galibiyet
0xa086f88b9d64fad7,False,DSC ARMINIA BIELEFELD,1,3,Vinícius,Júnior,GERRY MC FLERRY,0,1728920433,48,Mağlubiyet
0xa086f88b9d41f273,False,Dream FC,0,1,Virgil,van Dijk,ALI,0,1728896888,92,Mağlubiyet
0xa086f88b9d4171d5,False,NASAF UZBEKISTAN,1,2,Thibaut,Courtois,RIVOJ QARSHI,0,1728896314,90,Mağlubiyet
0xa086f88b9d4111b2,False,REAL MADRID,1,3,Virgil,van Dijk,ABDULAZIZ 008,0,1728895876,93,Mağlubiyet
0xa086f88b9d40f41b,False,ACH,1,2,Dominik,Szoboszlai,AHED,0,1728895744,25,Mağlubiyet
0xa086f88b9d1432b0,True,Dream FC,2,2,Victor,Osimhen,MHMD DAHI,0,1728844917,93,Beraberlik
0xa086f88b9d0ed68e,False,HERMASAND SIBIU ROMANIA,1,4,Victor,Osimhen,HAGI,0,1728841324,91,Mağlubiyet
0xa086f88b9d0e4c82,False,Dream FC,2,2,Harry,Kane,FURKAN,0,1728840967,92,Beraberlik
0xa086f88b9d0daca6,False,TUN,2,4,Cristiano,Ronaldo,BAYARI,0,1728840558,88,Mağlubiyet
0xa086f88b9d0d0113,False,ALAHLY FC,1,3,Mohamed,Salah,GEME,0,1728840120,92,Mağlubiyet
0xa086f88b9d0c59f1,True,ASC SANTOS,3,0,Cristiano,Ronaldo,DIABATE,0,1728839693,46,Galibiyet
0xa086f88b9ce5039b,False,Dream FC,0,2,Cristiano,Ronaldo,ESLAM AHMED ,0,1728811264,90,Mağlubiyet
0xa086f88b9ce48c1f,False,SARAYQORGON,3,4,Vinícius,Júnior,ABDUMANNON,0,1728810832,94,Mağlubiyet
0xa086f88b9ce42389,True,REAL MADRID,2,3,Cristiano,Ronaldo,OZODCEK,0,1728810451,92,Mağlubiyet
0xa086f88b9ce3d144,False,BUSHI,0,3,Jonathan,David,DORI,0,1728810151,70,Mağlubiyet
0xa086f88b9cc4b837,False,SIMARIK FC,1,2,Vinícius,Júnior,HASANSIO,0,1728773884,99,Mağlubiyet
0xa086f88b9cc4463c,False,STARLIFE,2,3,Mohamed,Salah,YOUNG,0,1728773480,94,Mağlubiyet
0xa086f88b9ca909a8,False,BARCELONA,1,3,Cristiano,Ronaldo,FLICK,0,1728754956,90,Mağlubiyet
0xa086f88b9ca84dd8,False,CEMOOOO,2,2,Ciro,Immobile,TGTGHSENOL GUNES,0,1728754536,91,Beraberlik
0xa086f88b9ca68c30,False,DATO,2,1,Robert,Lewandowski,DATO,0,1728753545,98,Galibiyet
0xa086f88b9c97ee8c,True,REAL HUNCHO,1,1,Cristiano,Ronaldo,HUNCHO,0,1728745379,92,Beraberlik
0xa086f88b9c976243,False,BALL BELL,0,3,Vinícius,Júnior,BALL BALL,0,1728745063,81,Mağlubiyet
0xa086f88b9c96b62b,True,BAKU FC,2,2,Kylian,Mbappé,RAKIP,0,1728744675,92,Beraberlik
0xa086f88b9c95f27c,True,Dream FC,4,3,Kylian,Mbappé,RAKIP,0,1728744235,93,Galibiyet
0xa086f88b9c75d26f,False,Dream FC,2,2,Erling,Haaland,XZFS,0,1728721963,93,Beraberlik
0xa086f88b9c757b7c,False,Dream FC,3,0,Kylian,Mbappé,MANAGER,0,1728721670,63,Galibiyet
0xa086f88b9c2393bc,True,DINOFOZZ,4,1,,Ederson,ANDRE,0,1728656276,92,Galibiyet
0xa086f88b9c23635b,False,FC ANOUAR,0,2,Cristiano,Ronaldo,MUNIR,0,1728656166,24,Mağlubiyet
0xa086f88b9bff8cc1,False,AC ELITE MADESU,2,1,Kevin,De Bruyne,GUYGUY,0,1728629967,90,Galibiyet
0xa086f88b9bd04990,False,YASEMIN,2,2,Vinícius,Júnior,YASEMIN,0,1728587221,91,Beraberlik
0xa086f88b9bcfa548,False,ALLALI FC,3,1,Kylian,Mbappé,QUELMAN,0,1728586831,92,Galibiyet
0xa086f88b9bc7c8bc,True,ASDAY,2,4,Cristiano,Ronaldo,DAISY,0,1728582255,84,Mağlubiyet
0xa086f88b9bc6fe40,False,FENERBAHCE,2,4,Victor,Osimhen,JOSE MOURIHOO,0,1728581802,93,Mağlubiyet
0xa086f88b9bc642ed,False,QARABAG,1,1,Antonio,Rüdiger,QARABAG,0,1728581396,92,Beraberlik
0xa086f88b9bad27a7,True,GALATASARAY,3,3,Vinícius,Júnior,BURHAN,0,1728567126,92,Beraberlik
0xa086f88b9bac377d,True,TAJIKISTAN,4,1,Vinícius,Júnior,ROMA,0,1728566561,68,Galibiyet
0xa086f88b9bab9f0e,False,GALATASARAY,1,1,Erling,Haaland,MEHMET,0,1728566198,91,Beraberlik
0xa086f88b9baa02e5,True,Dream FC,2,0,Mohamed,Salah,GIO,0,1728565206,61,Galibiyet
0xa086f88b9ba9b369,True,ADANA DEMIRSPOR,3,0,Vinícius,Júnior,OKAN KOKDAG,0,1728565011,36,Galibiyet
0xa086f88b9ba8f1d7,False,Dream FC,0,3,Dominik,Szoboszlai,BRETA,0,1728564540,93,Mağlubiyet
0xa086f88b9b925cc5,True,Dream FC,2,2,Mohamed,Salah,NIKUSHA,0,1728548232,94,Beraberlik
0xa086f88b9b91d4f4,True,MAN CITY,2,1,Virgil,van Dijk,JOE,0,1728547788,91,Galibiyet
0xa086f88b9b915cf5,True,RATPI,2,3,Cristiano,Ronaldo,SAM,0,1728547382,96,Mağlubiyet
0xa086f88b9b8bfe33,False,VIKING FC,0,0,Victor,Osimhen,AZEEZ,0,1728542557,2,Beraberlik
0xa086f88b9b1add79,False,RDEVILS,2,2,Virgil,van Dijk,HUNGARY,0,1728457448,92,Beraberlik
0xa086f88b9b1a9088,False,REAL MADRID,2,2,Kylian,Mbappé,ZJDN,0,1728457059,92,Beraberlik
0xa086f88b9b1a41f5,True,ALG,1,2,Kylian,Mbappé,RAMZI HELIMI,0,1728456662,92,Mağlubiyet
0xa086f88b9acf7148,True,GALATASARAY,3,3,Antoine,Griezmann,OKAN BURUK,0,1728389480,91,Beraberlik
0xa086f88b9aceea9a,True,ALBANIA KING,3,1,Vinícius,Júnior,XHULJANA,0,1728389038,97,Galibiyet
0xa086f88b9ace79a2,False,CAIRO,1,0,John,Stones,WARRIOR,0,1728388656,93,Galibiyet
0xa086f88b9ac2406a,True,ALBANIA,1,1,Martin,Ødegaard,ADI,0,1728376380,91,Beraberlik
0xa086f88b9ac1d8f8,False,0797915200 REMATCH,1,2,Federico,Valverde,TA MSORORO,0,1728375895,95,Mağlubiyet
0xa086f88b9ac1b561,True,LY218,4,0,Vinícius,Júnior,HMAD,0,1728375727,35,Galibiyet
0xa086f88b9ac13978,True,KURD MADRID,4,2,Virgil,van Dijk,VAN MOURINHO,0,1728375136,93,Galibiyet
0xa086f88b9ac0e9c1,False,AZERBAYCAN FK,0,1,Virgil,van Dijk,QURBAN QURBANOV,0,1728374757,92,Mağlubiyet
0xa086f88b9a953730,False,MARSEILLE,2,1,Rafa,Silva,ALI,1342,1728328214,91,Galibiyet
0xa086f88b9a946b05,False,MARSEILLE,1,4,Ángel,Di María,ARIS,1342,1728327711,92,Mağlubiyet
0xa086f88b9a93e469,False,AJAX,3,0,Brian,Brobbey,UNGA,1342,1728327381,65,Galibiyet
0xa086f88b9a9342f3,True,MARSEILLE,2,2,Arthur,Cabral,DENIZ AVSAR,1342,1728326998,95,Beraberlik
0xa086f88b9a929a03,True,LARRY F.C,3,1,Jules,Koundé,GUARDIOLA,0,1728326586,92,Galibiyet
0xa086f88b9a8ae8b4,True,FC BARCALONA,4,1,Vinícius,Júnior,HANSI FLICK,0,1728321982,75,Galibiyet
0xa086f88b9a5b90b3,True,MOHD,2,2,Jonathan,David,MOHD,0,1728286421,92,Beraberlik
0xa086f88b9a3e67c1,False,SUDAN,1,2,Jonathan,David,ZIZO,0,1728251935,90,Mağlubiyet
0xa086f88b9a3defeb,True,BARCELONA,3,2,Cristiano,Ronaldo,ASBANEY,0,1728251531,92,Galibiyet
0xa086f88b99d0e7b9,True,Dream FC,1,0,Cristiano,Ronaldo,GV BRONCKHORST,0,1728166891,67,Galibiyet
0xa086f88b99bb034c,True,Dream FC,0,0,,Ederson,FOFEN,0,1728151770,19,Beraberlik
0xa086f88b99ba48fe,True,TURKIYE,3,2,Cristiano,Ronaldo,SEON,0,1728151336,94,Galibiyet
0xa086f88b99b99ae9,False,Dream FC,2,2,Phil,Foden,COACH,0,1728150944,92,Beraberlik
0xa086f88b99b8eed5,True,MANCHESTER UNITED,1,1,Rúben,Dias,TEN XAK,0,1728150568,91,Beraberlik
0xa086f88b99ad1bc4,True,NORTH KOREA,2,3,Vinícius,Júnior,KIM JONG UN,0,1728144063,91,Mağlubiyet
0xa086f88b99962c6d,True,MARSEILLE,1,0,Arthur,Cabral,TOMAS TUCHEL,1342,1728129977,93,Galibiyet
0xa086f88b9995822e,True,AHMED NIJOR,1,2,Cristiano,Ronaldo,SAID,0,1728129514,93,Mağlubiyet
0xa086f88b9994d51f,True,HJJBJKNJNUDUDHEKDAZ,4,6,Cristiano,Ronaldo,JWJDHD,0,1728129030,93,Mağlubiyet
0xa086f88b9946355b,True,CSKA,2,1,Mohamed,Salah,ROMARIO,0,1728065344,94,Galibiyet
0xa086f88b99457e9c,True,CRVENA ZVEZDA,2,0,,Ederson,NEMANJA,0,1728064942,92,Galibiyet
0xa086f88b9944bdf6,True,KARS SPOR,3,2,Cristiano,Ronaldo,OKAN BURUK,0,1728064533,92,Galibiyet
0xa086f88b993efb43,True,TUZLA SPOR,1,0,Min-Jae,Kim,HUSEYIN,2,1728061480,93,Galibiyet
0xa086f88b993c2fb6,False,TUZLA SPOR,0,2,Mohamed,Salah,HUSEYIN,2,1728060032,92,Mağlubiyet
0xa086f88b993a9c0f,False,TUZLA SPOR,2,3,Jules,Koundé,HUSEYIN,2,1728059233,92,Mağlubiyet
0xa086f88b992ffbda,True,Dream FC,2,2,Rafael,Leão,MIRJALOL,0,1728053837,91,Beraberlik
0xa086f88b992f28f8,False,ORDUSPOR,2,4,Virgil,van Dijk,TANER AKDOGAN,0,1728053424,95,Mağlubiyet
0xa086f88b992e509a,True,LHO FOOTBALL CLUBS,2,0,Marc-Andre,Ter Stegen,MIG10,0,1728052983,92,Galibiyet
0xa086f88b98cc1d45,False,REAL MADRID,0,3,Vinícius,Júnior,OLCAN,0,1727964934,39,Mağlubiyet
0xa086f88b98cb9f24,True,ADNAN,2,2,Vinícius,Júnior,ADNAN,0,1727964528,93,Beraberlik
0xa086f88b98cb1c30,False,FENERBAHCE,1,4,Jonathan,David,JOSE MORINHO,0,1727964105,92,Mağlubiyet
0xa086f88b98cab631,True,LIVERPOLL,1,1,Kylian,Mbappé,CARLO ANCELOTTI,0,1727963776,90,Beraberlik
0xa086f88b98c02650,False,GALATASARAY,0,2,David,de Gea,MANAGER,0,1727954281,49,Mağlubiyet
0xa086f88b98bfbfb8,True,Dream FC,0,0,,Ederson,BIYIKLI,0,1727953886,93,Beraberlik
0xa086f88b98b1431d,True,FC ZARBDOR,0,0,Jules,Koundé,BURXONJON,0,1727937269,93,Beraberlik
0xa086f88b98779de2,True,GALATASARAY,1,2,Kylian,Mbappé,AYKUT KOCAMAN,0,1727883860,90,Mağlubiyet
0xa086f88b9876e473,False,Dream FC,2,2,Cristiano,Ronaldo,DIARRA,0,1727883415,100,Beraberlik
0xa086f88b983143cd,False,PEPSI FC,1,3,Jonathan,David,FIGO LERRY,0,1727826009,92,Mağlubiyet
0xa086f88b9830d383,False,FC GUS,2,2,Erling,Haaland,GUSTAV,0,1727825624,90,Beraberlik
0xa086f88b983073cf,False,Dream FC,0,0,Jules,Koundé,MANAGER TARIG ,0,1727825296,90,Beraberlik
0xa086f88b97ad0292,True,ALAHLY FC,0,0,Virgil,van Dijk,M KOLLER,0,1727732737,90,Beraberlik
0xa086f88b97ac6316,False,Dream FC,2,2,Vinícius,Júnior,MANAGER,0,1727732342,91,Beraberlik
0xa086f88b976d51f3,False,AFORWORLD1,0,0,N'golo,Kanté,REY DOMAS,0,1727695605,91,Beraberlik
0xa086f88b97618392,False,MAC FC,1,2,John,Stones,MALI,0,1727682142,92,Mağlubiyet
0xa086f88b97611df3,False,PRAGUE STARS,3,3,Andrew,Robertson,JAN,0,1727681594,94,Beraberlik
0xa086f88b9760da79,False,FC BARCELONA,1,2,Cristiano,Ronaldo,KARABAKH AZE,0,1727681222,91,Mağlubiyet
0xa086f88b974aa4e0,True,HATAYTULEYCIYE,2,2,Kylian,Mbappé,ISMAIL TULEYCIYE,0,1727649216,92,Beraberlik
0xa086f88b974a32c9,True,Dream FC,2,2,Robert,Lewandowski,MANAGER,0,1727648730,92,Beraberlik
0xa086f88b972bf3c6,True,SNOWDONIA CF,2,2,Erling,Haaland,K BRANDON,0,1727623390,90,Beraberlik
0xa086f88b972b6e71,False,Dream FC,1,1,Virgil,van Dijk,YACOUB OG,0,1727623027,90,Beraberlik
0xa086f88b9722bdad,True,Dream FC,2,3,Victor,Osimhen,AHMED,0,1727616596,91,Mağlubiyet
0xa086f88b97222fc2,True,CHELSEA,4,3,Kylian,Mbappé,TUCHEL,0,1727616167,93,Galibiyet
0xa086f88b971502c9,True,SHIGZ FC,3,2,Cristiano,Ronaldo,SHIGO,0,1727605058,91,Galibiyet
0xa086f88b971492f6,False,MEFEDRON,0,1,Virgil,van Dijk,BELARUS,0,1727604661,92,Mağlubiyet
